sample_id,annotation_partition,document_id,clause_index,clause_type,clause_text,check_id,question,flag_if,silver_risk,silver_risk_type,silver_severity,silver_evidence,silver_confidence,silver_status,adjudication_method,judge_model,verifier_model,max_tokens,protocol_version,notes
023eb7fcc22ba82b,calibration,ANIXABIOSCIENCESINC_06_09_2020-EX-10.1-COLLABORATION AGREEMENT.PDF,155,Affiliate License-Licensor,"OntoChem hereby grants to Anixa a non-exclusive, fully paid-up, royalty-free, perpetual, irrevocable, transferable, worldwide license (with the right to grant and authorize sublicenses through multiple tiers) under any patents which OntoChem or any of its Affiliates own or control during the term of this Agreement, to make, have made, use, sell, offer for sale and import the Lead Scaffold(s) and products that incorporate compounds from the Lead Scaffold(s).",AFFLR-2,Does the agreement clearly connect the affiliate-owned IP to the granted license and applicable obligations?,No / unclear,UNCERTAIN,,,,LOW,MACHINE_DISAGREEMENT,QWEN3:8B_GEMMA3:12B_TWO_MODEL_CONSENSUS,qwen3:8b,gemma3:12b,700,silver_v4_blind_verifier,
303fa8d9741bf6e1,calibration,AlliedEsportsEntertainmentInc_20190815_8-K_EX-10.19_11788293_EX-10.19_Content License Agreement.pdf,895,Renewal Term,"This Agreement shall automatically extend for an additional two (2) years on the same terms herein (""Renewal Term"") provided WPT receives payments greater than twelve million U.S. dollars ($12,000,000) within the Initial Term.",REN-3,Is the notice window so early that non-renewal is impractical?,Yes,NO,,,,HIGH,MACHINE_AGREED,QWEN3:8B_GEMMA3:12B_TWO_MODEL_CONSENSUS,qwen3:8b,gemma3:12b,700,silver_v4_blind_verifier,
8b1fc1a9cfb5de73,calibration,AlliedEsportsEntertainmentInc_20190815_8-K_EX-10.19_11788293_EX-10.19_Content License Agreement.pdf,914,Covenant Not To Sue,"Licensee will not, at any time during or after this Agreement, register, attempt to register, claim any interest in, contest the use of, or otherwise adversely affect the validity of any of Licensor's marks (including, without limitation, any act or assistance to any act, which may infringe or lead to the infringement of any such marks).",CNTS-3,Is the covenant materially one-sided or broader than any reciprocal protection?,Yes,UNCERTAIN,,,,LOW,MACHINE_DISAGREEMENT,QWEN3:8B_GEMMA3:12B_TWO_MODEL_CONSENSUS,qwen3:8b,gemma3:12b,700,silver_v4_blind_verifier,
538d76b28b90f4c6,calibration,AzulSa_20170303_F-1A_EX-10.3_9943903_EX-10.3_Maintenance Agreement1.pdf,1957,Anti-Assignment,"Consequently either this Agreement or any of the respective rights or obligations of the Parties hereunder may be assigned or otherwise transferred, in whole or in part, in any form whatsoever (including by way of change of Control), by either Party subject to the prior written consent of the other Party, which consent shall not be unreasonably withheld or delayed, and any attempt to do so without such consent shall be null and void.",AA-1,Is assignment restricted?,Yes — evaluate consent standard,YES,Assignment Restriction,MEDIUM,"Consequently either this Agreement or any of the respective rights or obligations of the Parties hereunder may be assigned or otherwise transferred, in whole or in part, in any form whatsoever (including by way of change of Control), by either Party subject to the prior written consent of the other Party",HIGH,MACHINE_AGREED,QWEN3:8B_GEMMA3:12B_TWO_MODEL_CONSENSUS,qwen3:8b,gemma3:12b,700,silver_v4_blind_verifier,
67277e17efe8cd47,calibration,AIRTECHINTERNATIONALGROUPINC_05_08_2000-EX-10.4-FRANCHISE AGREEMENT.PDF,716,License Grant,"AIRSOPURE grants to You, and You accept from AIRSOPURE, the right and license to operate an AIRSOPURE Center (or the ""Franchise"") for the sale or lease of AIRSOPURE's exclusive line of Products or at a location in the Exclusive Territory to be approved in writing by AIRSOPURE and listed in attached Exhibit A (the ""Exclusive Territory and Center Location""), to purchase Products from AIRSOPURE or its affiliates for resale at the Center to customers in the Exclusive Territory, and to use the Licensed Marks only in connection with the operation of the Franchise in accordance with the terms and conditions of this Agreement.",LIC-2,Is the license broader than the commercial deal requires?,Yes,UNCERTAIN,,,,LOW,MACHINE_DISAGREEMENT,QWEN3:8B_GEMMA3:12B_TWO_MODEL_CONSENSUS,qwen3:8b,gemma3:12b,700,silver_v4_blind_verifier,
6667f8d33ce6b6ff,calibration,CHIPMOSTECHNOLOGIESBERMUDALTD_04_18_2016-EX-4.72-Strategic Alliance Agreement.PDF,1222,Renewal Term,The Parties may negotiate for an extension of this Agreement six (6) months before the expiration of the Cooperation Period.,REN-1,Is renewal automatic or evergreen?,Yes — then require workable non-renewal notice,NO,,,,HIGH,MACHINE_AGREED,QWEN3:8B_GEMMA3:12B_TWO_MODEL_CONSENSUS,qwen3:8b,gemma3:12b,700,silver_v4_blind_verifier,
8e02caf668116279,calibration,LiquidmetalTechnologiesInc_20200205_8-K_EX-10.1_11968198_EX-10.1_Development Agreement.pdf,1895,Irrevocable Or Perpetual License,"The Parties shall negotiate in good faith a royalty-bearing, perpetual, world-wide, non-exclusive license to any New Application Technology in which they acquire rights as set forth in Section 8.2.3 above. Royalties and other terms shall be commercially reasonable and negotiated by the Parties in good faith.",IPL-3,Did the reviewing party grant an irrevocable or perpetual license it did not intend?,Yes,UNCERTAIN,,,,LOW,MACHINE_DISAGREEMENT,QWEN3:8B_GEMMA3:12B_TWO_MODEL_CONSENSUS,qwen3:8b,gemma3:12b,700,silver_v4_blind_verifier,
bbac0eba31d23fa9,calibration,"ASHWORTHINC_01_29_1999-EX-10.(D)-PROMOTION AGREEMENT AND NANTZ COMMUNICATIONS, INC..PDF",513,Change Of Control,"In the event of the merger or consolidation of the Company with any other entity, Nantz Communications shall have the right to terminate the Agreement by so notifying the Company in writing on or before sixty (60) days<omitted>after Nantz Communications has received notice of such merger or consolidation if and only if, by virtue of such merger or consolidation Nantz Communications or Nantz would be in default under or violating any provisions of any agreement to which he or it is subject entered into prior to June 1, 1994.",COC-2,Is the same corporate event treated inconsistently versus the anti-assignment clause?,Yes,NO,,,,HIGH,MACHINE_AGREED,QWEN3:8B_GEMMA3:12B_TWO_MODEL_CONSENSUS,qwen3:8b,gemma3:12b,700,silver_v4_blind_verifier,
7ec6c6c3add806e4,calibration,ALLIANCEBANCORPINCOFPENNSYLVANIA_10_18_2006-EX-1.2-AGENCY AGREEMENT.PDF,1797,Revenue/Profit Sharing,Any fees payable to Sandler O'Neill for Securities sold by Sandler O'Neill under any such agreement shall be limited to an aggregate of six percent (6.0 %) of the purchase price of the Securities sold by Sandler O'Neill and other NASD member firms.,RPS-3,"Are reporting, audit, record-retention, and dispute mechanisms for the shared amounts addressed?",No / unclear,UNCERTAIN,,,,LOW,MACHINE_DISAGREEMENT,QWEN3:8B_GEMMA3:12B_TWO_MODEL_CONSENSUS,qwen3:8b,gemma3:12b,700,silver_v4_blind_verifier,
5d1f171b1d021446,calibration,AIRTECHINTERNATIONALGROUPINC_05_08_2000-EX-10.4-FRANCHISE AGREEMENT.PDF,714,Rofr/Rofo/Rofn,"AIRSOPURE shall have the option, within 15 days after receipt of such written notice, to notify You that AIRSOPURE elects to purchase the rights and license granted herein or stock ownership on the same terms and conditions as the bona fide written offer.",ROFR-1,"Is the trigger for the right of first refusal, offer, or negotiation clearly defined?",No / unclear,UNCERTAIN,,,,LOW,MACHINE_DISAGREEMENT,QWEN3:8B_GEMMA3:12B_TWO_MODEL_CONSENSUS,qwen3:8b,gemma3:12b,700,silver_v4_blind_verifier,
df81ab6bfaf22b5e,calibration,PapaJohnsInternationalInc_20190617_8-K_EX-10.1_11707365_EX-10.1_Endorsement Agreement.pdf,2282,License Grant,"In consideration of the remuneration to be paid to ABG pursuant hereto and subject to the conditions and limitations contained herein, ABG grants to PAPA JOHN'S the non-transferrable, non-assignable, non-sublicensable, indivisible right and license solely during the Term of the Agreement and within the Territory to use the Celebrity Endorsement, in each instance, subject to ABG's Approval (as hereinafter defined).",LIC-1,"Are field, territory, and purpose of the license clear?",Unclear or missing,UNCERTAIN,,,,LOW,MACHINE_AGREED_UNCERTAIN,QWEN3:8B_GEMMA3:12B_TWO_MODEL_CONSENSUS,qwen3:8b,gemma3:12b,700,silver_v4_blind_verifier,
a89bb55c72eb24bf,calibration,"ASHWORTHINC_01_29_1999-EX-10.(D)-PROMOTION AGREEMENT AND NANTZ COMMUNICATIONS, INC..PDF",508,Most Favored Nation,The Company acknowledges that Nantz Communications' and      Nantz's obligations to CBS or any other television station or network with      which Nantz Communications or Nantz has a contract or arrangement shall      take precedence over any other commitments of Nantz Communications or Nantz      under this Agreement.,MFN-1,"Is MFN scope (price, terms, customers, territory) clear?",Unclear,UNCERTAIN,,,,LOW,MACHINE_DISAGREEMENT,QWEN3:8B_GEMMA3:12B_TWO_MODEL_CONSENSUS,qwen3:8b,gemma3:12b,700,silver_v4_blind_verifier,
6b3a21dbda156a74,calibration,"MEDALISTDIVERSIFIEDREIT,INC_05_18_2020-EX-10.1-CONSULTING AGREEMENT.PDF",404,Non-Disparagement,"CONSULTANT further agrees that it will not directly or indirectly defame, disparage, or publicly criticize the services, business, integrity, veracity or reputation of the Company or its owners, officers, directors, or employees in any forum or through any medium of communication.",NDS-2,"Is the restriction mutual and subject to appropriate legal, regulatory, or truthful-reporting exceptions?",No / unclear,NO,,,,HIGH,MACHINE_AGREED,QWEN3:8B_GEMMA3:12B_TWO_MODEL_CONSENSUS,qwen3:8b,gemma3:12b,700,silver_v4_blind_verifier,
a6df817fb988ef51,calibration,PalmerSquareCapitalBdcInc_20200116_10-12GA_EX-10.6_11949289_EX-10.6_Trademark License Agreement.pdf,212,Governing Law,"This Agreement shall be governed by, and construed in accordance with, the laws of the State of New York.",GOV-1,Is governing law stated?,No,YES,Governing Law,,"This Agreement shall be governed by, and construed in accordance with, the laws of the State of New York.",HIGH,MACHINE_AGREED,QWEN3:8B_GEMMA3:12B_TWO_MODEL_CONSENSUS,qwen3:8b,gemma3:12b,700,silver_v4_blind_verifier,
2c55473981f64d3a,calibration,PenntexMidstreamPartnersLp_20150416_S-1A_EX-10.4_9042833_EX-10.4_Transportation Agreement.pdf,1297,Covenant Not To Sue,"CUSTOMER SHALL RELEASE, DEFEND, INDEMNIFY AND HOLD HARMLESS TRANSPORTER AND TRANSPORTER'S MEMBERS, DIRECTORS, OFFICERS, AGENTS AND EMPLOYEES FROM AND AGAINST ANY AND ALL SUITS, ACTIONS, CAUSES OF ACTION, CLAIMS, DEMANDS, LOSSES, LIABILITIES AND EXPENSES (INCLUDING, WITHOUT LIMITATION, INTEREST, COURT COSTS, REASONABLE ATTORNEYS' FEES AND EXPENSES, AND OTHER COSTS OF DEFENSE) (COLLECTIVELY, ""CLAIMS"") RELATING TO, CAUSED BY OR ARISING OUT OF CUSTOMER'S BREACH OF ANY REPRESENTATION, WARRANTY OR COVENANT MADE BY CUSTOMER HEREUNDER, BUT NOT TO THE PROPORTIONATE EXTENT THAT SUCH CLAIM IS CAUSED BY OR RESULTS FROM OR ARISES OUT OF THE GROSS NEGLIGENCE OR WILLFUL MISCONDUCT OF TRANSPORTER.",CNTS-2,"Are the covered claims, parties, duration, and exceptions clearly bounded?",No / unclear,NO,,,,HIGH,MACHINE_AGREED,QWEN3:8B_GEMMA3:12B_TWO_MODEL_CONSENSUS,qwen3:8b,gemma3:12b,700,silver_v4_blind_verifier,
25bb5a7fe57b6f3c,development,ArmstrongFlooringInc_20190107_8-K_EX-10.2_11471795_EX-10.2_Intellectual Property Agreement.pdf,2248,Affiliate License-Licensor,"""Company Licensed Copyrights"" means all Copyrights and registrations and applications for any of the foregoing owned by any Company Entity as of the Effective Date and used or held for use in the Arizona Field as of the Effective Date.<omitted>Subject to the terms and conditions of this Agreement, the Company hereby grants to Seller a perpetual, non- exclusive, royalty-free license in, to and under the Company Licensed Copyrights for use in the Arizona Field throughout the world.",AFFLR-2,Does the agreement clearly connect the affiliate-owned IP to the granted license and applicable obligations?,No / unclear,UNCERTAIN,,,,LOW,MACHINE_DISAGREEMENT,QWEN3:8B_GEMMA3:12B_TWO_MODEL_CONSENSUS,qwen3:8b,gemma3:12b,700,silver_v4_blind_verifier,
42913325db6ad533,development,TomOnlineInc_20060501_20-F_EX-4.46_749700_EX-4.46_Co-Branding Agreement.pdf,629,Non-Transferable License,"Skype hereby grants to Online BVI and the Company a limited, non-exclusive, non-sublicensable (except as set forth herein), non-transferable, non-assignable (except as provided in Section 14.4), royalty-free (but subject to the provisions of Section 5), license during the Term to use, market, provide access to, promote, reproduce and display the Skype Intellectual Property solely (i) as incorporated in the Company-Skype Branded Application and/or the Company-Skype Toolbar, and (ii) as incorporated in, for the development of, and for transmission pursuant to this Agreement of, the Company-Skype Branded Content and the Company-Skype Branded Web Site, in each case for the sole purposes (unless otherwise mutually agreed by the Parties) of promoting and distributing, pursuant to this Agreement, the Company-Skype Branded Application, the Company-Skype Toolbar, the Company-Skype Branded Content and the Company-Skype Branded Web Site in the Territory; (a) provided, that it is understood that the Company-Skype Branded Customers will have the right under the EULA to use the Company- Skype Branded Application and the Company-Skype Toolbar and will have the right to access the Company-Skype Branded Content, the Company-Skype Branded Web Site and the Online BVI Web Site through the Internet and to otherwise receive support from the Company anywhere in the world, and that the Company shall be permitted to provide access to and reproduce and display the Skype Intellectual Property through the Internet anywhere in the world, and (b) provided further, that Online BVI and the Company shall ensure that no Company-Skype Branded Customer (or potential Company-Skype Branded Customer) shall be permitted to access, using the Company-Skype Branded Application or the Company-Skype Toolbar or through the Company-Skype Branded Web Site, any Skype premium features requiring payment by the Company-Skype Branded Customer (or potential Company-Skype Branded Customer), including, but not limited to, SkypeIn, SkypeOut, or Skype Plus, unless such Company-Skype Branded Customer (or potential Company-Skype Branded Customer) uses the payment methods made available by the Company pursuant to Section 2.5 for the purchase of such premium features.",NTL-3,Do transfer restrictions conflict with the anti-assignment or change-of-control provisions?,Yes / inconsistent,NO,,,,HIGH,MACHINE_AGREED,QWEN3:8B_GEMMA3:12B_TWO_MODEL_CONSENSUS,qwen3:8b,gemma3:12b,700,silver_v4_blind_verifier,
72f7ed4464a5a300,development,SANDRIDGEENERGYINC_08_06_2009-EX-10.6-OPERATIONS AND MAINTENANCE AGREEMENT.PDF,25,Audit Rights,The costs of any audit of Owner's books or records shall be borne by Owner.,AUD-2,"Are notice, frequency, and confidentiality protections for audits stated?",No,NO,,,,HIGH,MACHINE_AGREED,QWEN3:8B_GEMMA3:12B_TWO_MODEL_CONSENSUS,qwen3:8b,gemma3:12b,700,silver_v4_blind_verifier,
69bb7dbfdd4460c2,development,CoherusBiosciencesInc_20200227_10-K_EX-10.29_12021376_EX-10.29_Development Agreement.pdf,350,Anti-Assignment,Any purported assignment or transfer in violation of this Section 16.4 shall be null and void.,AA-1,Is assignment restricted?,Yes — evaluate consent standard,UNCERTAIN,,,,LOW,MACHINE_DISAGREEMENT,QWEN3:8B_GEMMA3:12B_TWO_MODEL_CONSENSUS,qwen3:8b,gemma3:12b,700,silver_v4_blind_verifier,
3cf4eb1c34819d1e,development,2ThemartComInc_19990826_10-12G_EX-10.10_6700288_EX-10.10_Co-Branding Agreement_ Agency Agreement.pdf,1203,Joint Ip Ownership,"Notwithstanding the foregoing, to the extent that the Domain Name is deemed a combination mark, neither party shall use the Domain Name for any purpose except as expressly provided herein or attempt to register the Domain Name, and the parties will jointly cooperate on any enforcement action of infringement of the Domain Name.",JIPO-2,"Are licensing, exploitation, enforcement, registration, and cost responsibilities for joint IP addressed?",No / unclear,UNCERTAIN,,,,LOW,MACHINE_DISAGREEMENT,QWEN3:8B_GEMMA3:12B_TWO_MODEL_CONSENSUS,qwen3:8b,gemma3:12b,700,silver_v4_blind_verifier,
abd744c031be80aa,development,TomOnlineInc_20060501_20-F_EX-4.46_749700_EX-4.46_Co-Branding Agreement.pdf,628,Non-Transferable License,"Subject to the terms and conditions of this Agreement, Online BVI hereby grants to Skype and the Company a limited, non-exclusive, non-sublicensable (except as set forth herein), non-transferable, non-assignable (except as provided in Section 14.4), royalty- free (but subject to the provisions of Section 5), license during the Term to use, market, provide access to, promote, reproduce and display the Online BVI Intellectual Property solely as incorporated in, and for the development of and for transmission pursuant to this Agreement of the Company-Skype Branded Application, the Company-Skype Branded Content and the Company-Skype Branded Web Site.",NTL-1,"Does the license prohibit transfer, assignment, or sublicense in a way that could block the intended operational use?",Yes,YES,License Transferability,HIGH,"non-transferable, non-assignable (except as provided in Section 14.4)",HIGH,MACHINE_AGREED,QWEN3:8B_GEMMA3:12B_TWO_MODEL_CONSENSUS,qwen3:8b,gemma3:12b,700,silver_v4_blind_verifier,
ec33f13b773995c7,development,ASPIRITYHOLDINGSLLC_05_07_2012-EX-10.6-OUTSOURCING AGREEMENT.PDF,1647,Ip Ownership Assignment,"Any and all web pages used by Contractor in connection with the Offering (the ""Web Pages""), and all  associated Proprietary Rights, shall be owned exclusively by the Company.",IP-2,Is assignment language present-tense (for example 'hereby assigns') rather than only future ('will assign')?,Future-tense only,NO,,,,HIGH,MACHINE_AGREED,QWEN3:8B_GEMMA3:12B_TWO_MODEL_CONSENSUS,qwen3:8b,gemma3:12b,700,silver_v4_blind_verifier,
85a0634ebacf443a,development,NeoformaInc_19991202_S-1A_EX-10.26_5224521_EX-10.26_Co-Branding Agreement.pdf,859,Covenant Not To Sue,"In addition, Neoforma shall not now or in the future contest the validity of VerticalNet's Intellectual Property.",CNTS-2,"Are the covered claims, parties, duration, and exceptions clearly bounded?",No / unclear,UNCERTAIN,,,,LOW,MACHINE_AGREED_UNCERTAIN,QWEN3:8B_GEMMA3:12B_TWO_MODEL_CONSENSUS,qwen3:8b,gemma3:12b,700,silver_v4_blind_verifier,
1dd57b50303e3555,development,INTERNATIONALFASTFOODCORP_04_04_1997-EX-99-FRANCHISE AGREEMENT.PDF,1387,Rofr/Rofo/Rofn,Silence on the part of BKC shall constitute  rejection.,ROFR-1,"Is the trigger for the right of first refusal, offer, or negotiation clearly defined?",No / unclear,UNCERTAIN,,,,LOW,MACHINE_DISAGREEMENT,QWEN3:8B_GEMMA3:12B_TWO_MODEL_CONSENSUS,qwen3:8b,gemma3:12b,700,silver_v4_blind_verifier,
3595884bf0ec329a,development,INTERNATIONALFASTFOODCORP_04_04_1997-EX-99-FRANCHISE AGREEMENT.PDF,1401,Post-Termination Services,"Upon termination or expiration of this  Agreement,  if the  parties  do not enter  into a  successor  Franchise Agreement  whereby the Franchisee  shall continue to be a franchisee and operate the  Franchised  Restaurant at the Location,  BKC or its designee shall have the option subject to obtaining any necessary governmental consent:

                        (a)  To  purchase  the   Location   and/or  any  related equipment at fair market value, if the  Franchisee,  any of the Principals or an affiliate of the Franchisee owns the Location and/or related equipment.

                        (b) If the Location is leased by the Franchisee,  any of the  Principals  or an affiliate  of the  Franchisee,  subject to obtaining  any necessary  landlord's consent, to obtain an assignment of the leasehold interest at a price equal to the fair market value of the leasehold interest.",PTS-1,Is transition or post-termination assistance required where continuity matters?,No,NO,,,,HIGH,MACHINE_AGREED,QWEN3:8B_GEMMA3:12B_TWO_MODEL_CONSENSUS,qwen3:8b,gemma3:12b,700,silver_v4_blind_verifier,
0d9c5c33332a98ba,development,CoherusBiosciencesInc_20200227_10-K_EX-10.29_12021376_EX-10.29_Development Agreement.pdf,362,Joint Ip Ownership,"For those countries where a specific license is required for a joint owner of a Joint Invention or Joint Improvement to practice such Joint Invention or Joint Improvement, in such country, each Party hereby grants to the other Party a perpetual, irrevocable, non-exclusive, worldwide, royalty-free, fully paid-up license, transferable and sublicensable, under such Party's right, title and interest in and to such Joint Invention or Joint Improvement to freely exploit such Joint Invention or Joint Improvement in such country, subject to the terms and conditions of this Agreement and the licenses granted hereunder.",JIPO-1,Are ownership shares or ownership rights for jointly created IP clearly defined?,No / unclear,UNCERTAIN,,,,LOW,MACHINE_AGREED_UNCERTAIN,QWEN3:8B_GEMMA3:12B_TWO_MODEL_CONSENSUS,qwen3:8b,gemma3:12b,700,silver_v4_blind_verifier,
e20065c57c910c87,development,"PHREESIA,INC_05_28_2019-EX-10.18-STRATEGIC ALLIANCE AGREEMENT.PDF",2165,Cap On Liability,"The Company's obligations to provide defense and indemnity pursuant to this Section 22 will be reduced to the extent that the Claim or Loss was caused by (a) the Indemnified Person's creation of modifications to the Installed Software, Subscription Software Services, Developer App, Merchant Processing Services, Documentation, Company Marketing Materials, or Services, unless such modifications (i) were authorized in writing by the Company or were otherwise directed in writing or caused by the Indemnifying Party or (ii) were contemplated and permitted as a feature of any of the Installed Software or Subscription Software Services or Merchant Processing Services, and in each case solely to the extent such Claim would not have occurred but for such modifications; (b) the Indemnified Person's failure to use updates or corrections made available by the Indemnifying Party, but solely to the extent such Claim would not have occurred if such updates or corrections had been used; or (c) the operation of Allscripts' products or services or the combination or use of the Installed Software, Developer App, Subscription Software Services or Merchant Processing Services or Services in conjunction with Allscripts' products or services (unless directed in writing or caused by the Company), if such Claim would not have arisen but for such combination or use, and except to the extent arising from any combination performed by or on behalf of the Company in connection with the Services.",LOL-1,Is there no express monetary or fee-based liability cap?,Yes,NO,,,,HIGH,MACHINE_AGREED,QWEN3:8B_GEMMA3:12B_TWO_MODEL_CONSENSUS,qwen3:8b,gemma3:12b,700,silver_v4_blind_verifier,
ea864d6d31f5272c,development,INTERNATIONALFASTFOODCORP_04_04_1997-EX-99-FRANCHISE AGREEMENT.PDF,1395,Minimum Commitment,A representative of BKC who shall make not less than two (2) one day visits to Poland  per annum to provide  the  Franchisee  with any  requested reasonable  operations or marketing  guidance and advice.,MIN-1,Is there a minimum purchase or take-or-pay obligation?,Yes — check relief terms,NO,,,,HIGH,MACHINE_AGREED,QWEN3:8B_GEMMA3:12B_TWO_MODEL_CONSENSUS,qwen3:8b,gemma3:12b,700,silver_v4_blind_verifier,
6e61fe13e39a174a,development,"VAXCYTE,INC_05_22_2020-EX-10.19-SUPPLY AGREEMENT.PDF",1344,Competitive Restriction Exception,"SutroVax agrees to purchase all its requirements of Extract from Sutro in accordance with this Agreement, except to the extent SutroVax is allowed to purchase Extract from (a) Alternate Suppliers engaged by Sutro in accordance with Section 2.15 of this Agreement; (b) a CMO engaged or established and authorized by Sutro under Section 3.l(d) of the License Agreement; or (c) a CMO authorized by Sutro under Section 3.l(e) of the License Agreement. Manufacturing of Extracts in breach of this Section 2.20 shall be deemed a material breach of this Agreement and the License Agreement by SutroVax.",CRE-3,Are the exception triggers consistent with the surrounding restriction clauses?,No / unclear,UNCERTAIN,,,,LOW,MACHINE_DISAGREEMENT,QWEN3:8B_GEMMA3:12B_TWO_MODEL_CONSENSUS,qwen3:8b,gemma3:12b,700,silver_v4_blind_verifier,
d82a18f10e577845,development,"PHREESIA,INC_05_28_2019-EX-10.18-STRATEGIC ALLIANCE AGREEMENT.PDF",2153,Audit Rights,"During the term of this Agreement, [***], each Party will have the right to engage, at its own expense, an independent auditor reasonably acceptable to the other Party to review the other Party's books and records solely for the purpose of confirming the other Party's compliance with its pricing and payment obligations hereunder.",AUD-1,Are audit rights one-sided in a way that creates undue burden or data exposure for the reviewing party?,Yes,NO,,,,HIGH,MACHINE_AGREED,QWEN3:8B_GEMMA3:12B_TWO_MODEL_CONSENSUS,qwen3:8b,gemma3:12b,700,silver_v4_blind_verifier,
