sample_id,annotation_partition,document_id,clause_index,clause_type,clause_text,check_id,question,flag_if,silver_risk,silver_risk_type,silver_severity,silver_evidence,silver_confidence,silver_status,adjudication_method,notes
216d974108f5977d,locked_test,RandWorldwideInc_20010402_8-KA_EX-10.2_2102464_EX-10.2_Co-Branding Agreement.pdf,435,Anti-Assignment,"This Agreement may be assigned or otherwise transferred, by operation of law or otherwise without the express written consent of PlanetCAD and Dassault Systemes, but in such event the assigning Party shall give notice to the non-assigning Party and the non-assigning Party shall have the right to terminate this Agreement within the 30-day period following receipt of such notice.",AA-1,Is assignment restricted?,Yes — evaluate consent standard,,,,,,PENDING,TWO_STAGE_MODEL_REVIEW,
39b952e24cdc3e35,locked_test,SFGFINANCIALCORP_05_12_2009-EX-10.1-SOFTWARE LICENSE AND MAINTENANCE AGREEMENT.PDF,1319,Anti-Assignment,"Licensee agrees it shall not exchange, lease, sublease, distribute, assign, sell or otherwise transfer in any manner any right and/or interest  incident to the License Technology to any third party under any circumstances, without the prior written consent of the Licensor.",AA-2,What is the consent standard?,"Absolute ban, or consent with no reasonableness limit",,,,,,PENDING,TWO_STAGE_MODEL_REVIEW,
dc07063b55b9211f,locked_test,ReynoldsConsumerProductsInc_20191115_S-1_EX-10.18_11896469_EX-10.18_Supply Agreement.pdf,543,Anti-Assignment,"This Agreement, its rights and obligations, is not assignable or transferable by either Party, in whole or in part, except with the prior written consent of the other Party, which consent will not be unreasonably withheld, conditioned or delayed.",AA-3,"Are there exceptions for affiliates, M&A, or financing?",None,,,,,,PENDING,TWO_STAGE_MODEL_REVIEW,
687086efd6b79a9a,locked_test,ArconicRolledProductsCorp_20191217_10-12B_EX-2.7_11923804_EX-2.7_Trademark License Agreement.pdf,947,Affiliate License-Licensor,"Licensor on behalf of itself and its Affliates hereby grants to Licensee the limited licenses to use and have used the Licensed Mark: (i) for the Licensed Products as set forth on Schedule 2; and (ii) as set forth on Schedule 1, concerning agreements entered into by Licensee prior to the Effective Date (""Existing Agreements""). For the avoidance of doubt, Licensor also grants to Licensee and its subsidiaries and affiliates a non-exclusive, worldwide royalty-free license for continued use of the Licensed Mark for the production and sale of inventory containing the Licensed Mark applied to such products during the Transition Period as set forth in section 8.2 of the Separation and Distribution Agreement and in Schedule 2 of this Agreement.",AFFLR-1,Is the affiliate that owns or controls the licensed IP clearly identified or its authority established?,No / unclear,,,,,,PENDING,TWO_STAGE_MODEL_REVIEW,
ffa5f5170a333c3a,locked_test,ArconicRolledProductsCorp_20191217_10-12B_EX-2.7_11923804_EX-2.7_Trademark License Agreement.pdf,947,Affiliate License-Licensor,"Licensor on behalf of itself and its Affliates hereby grants to Licensee the limited licenses to use and have used the Licensed Mark: (i) for the Licensed Products as set forth on Schedule 2; and (ii) as set forth on Schedule 1, concerning agreements entered into by Licensee prior to the Effective Date (""Existing Agreements""). For the avoidance of doubt, Licensor also grants to Licensee and its subsidiaries and affiliates a non-exclusive, worldwide royalty-free license for continued use of the Licensed Mark for the production and sale of inventory containing the Licensed Mark applied to such products during the Transition Period as set forth in section 8.2 of the Separation and Distribution Agreement and in Schedule 2 of this Agreement.",AFFLR-2,Does the agreement clearly connect the affiliate-owned IP to the granted license and applicable obligations?,No / unclear,,,,,,PENDING,TWO_STAGE_MODEL_REVIEW,
6b8f0cd5d8007e54,locked_test,ArconicRolledProductsCorp_20191217_10-12B_EX-2.7_11923804_EX-2.7_Trademark License Agreement.pdf,947,Affiliate License-Licensor,"Licensor on behalf of itself and its Affliates hereby grants to Licensee the limited licenses to use and have used the Licensed Mark: (i) for the Licensed Products as set forth on Schedule 2; and (ii) as set forth on Schedule 1, concerning agreements entered into by Licensee prior to the Effective Date (""Existing Agreements""). For the avoidance of doubt, Licensor also grants to Licensee and its subsidiaries and affiliates a non-exclusive, worldwide royalty-free license for continued use of the Licensed Mark for the production and sale of inventory containing the Licensed Mark applied to such products during the Transition Period as set forth in section 8.2 of the Separation and Distribution Agreement and in Schedule 2 of this Agreement.",AFFLR-3,Is there a material continuity or enforcement gap if the affiliate is not a party to the main agreement?,Yes / possible,,,,,,PENDING,TWO_STAGE_MODEL_REVIEW,
9b7e7248d7921016,locked_test,KINGPHARMACEUTICALSINC_08_09_2006-EX-10.1-PROMOTION AGREEMENT.PDF,2423,Affiliate License-Licensee,"During the Term, subject to the terms and conditions of this Agreement, Depomed hereby grants to King and its Affiliates and King and its Affiliates hereby accept a co-exclusive right to Promote the Product under the Depomed Trademarks in the Territory together with Depomed and its Affiliates only, on the terms and subject to the conditions set forth herein.",AFFLS-1,Are the affiliates permitted to use the licensed rights clearly identified or objectively determinable?,No / unclear,,,,,,PENDING,TWO_STAGE_MODEL_REVIEW,
d15fe4a2484b84cc,locked_test,BizzingoInc_20120322_8-K_EX-10.17_7504499_EX-10.17_Endorsement Agreement.pdf,2187,Affiliate License-Licensee,"Subject to the terms and conditions set forth herein, Theismann hereby grants to Bizzingo and its affiliates the unlimited  right and privilege during the Term (as defined herein) and within the Territory to use the Property (as defined herein) in connection with the  advertisement, promotion, and sale of the Network in the Territory whether through film, television, radio, print and Internet media, including the right to use  the Property in or on the Network",AFFLS-2,"Are affiliate use rights bounded by the same field, territory, purpose, duration, and security obligations as the main license?",No / unclear,,,,,,PENDING,TWO_STAGE_MODEL_REVIEW,
83f23fbb45c01ddc,locked_test,KINGPHARMACEUTICALSINC_08_09_2006-EX-10.1-PROMOTION AGREEMENT.PDF,2423,Affiliate License-Licensee,"During the Term, subject to the terms and conditions of this Agreement, Depomed hereby grants to King and its Affiliates and King and its Affiliates hereby accept a co-exclusive right to Promote the Product under the Depomed Trademarks in the Territory together with Depomed and its Affiliates only, on the terms and subject to the conditions set forth herein.",AFFLS-3,Could affiliate use materially expand the commercial scope or exposure without corresponding controls?,Yes,,,,,,PENDING,TWO_STAGE_MODEL_REVIEW,
27ca5e94bd96c777,locked_test,XpresspaGroupInc_20190401_10-K_EX-10.28_11599457_EX-10.28_Marketing Agreement.pdf,2069,Audit Rights,"Upon receipt of such information, Calm shall have thirty (30) days (the ""Calm Review Period"") to review the Calm Audit Results.",AUD-1,Are audit rights one-sided in a way that creates undue burden or data exposure for the reviewing party?,Yes,,,,,,PENDING,TWO_STAGE_MODEL_REVIEW,
7bc9a67c8c205902,locked_test,KINGPHARMACEUTICALSINC_08_09_2006-EX-10.1-PROMOTION AGREEMENT.PDF,2433,Audit Rights,"The audit will be conducted during normal business hours, at convenient times.",AUD-2,"Are notice, frequency, and confidentiality protections for audits stated?",No,,,,,,PENDING,TWO_STAGE_MODEL_REVIEW,
dff81e370b0f817f,locked_test,KINGPHARMACEUTICALSINC_08_09_2006-EX-10.1-PROMOTION AGREEMENT.PDF,2443,Covenant Not To Sue,"Depomed recognizes King's title to the King Trademarks, and shall not at any time, during or after the Term, do or knowingly suffer to be done any act or thing which will in any way impair the rights of King in or to the King Trademarks.",CNTS-1,Does the covenant restrict claims or enforcement rights more broadly than the commercial arrangement requires?,Yes,,,,,,PENDING,TWO_STAGE_MODEL_REVIEW,
883fd42adb99e408,locked_test,HealthcentralCom_19991108_S-1A_EX-10.27_6623292_EX-10.27_Co-Branding Agreement.pdf,1602,Covenant Not To Sue,"Without      limiting the generality of the foregoing, MLX agrees:<omitted>not to contest the validity of the HCI Marks or HCI's title              thereto;",CNTS-2,"Are the covered claims, parties, duration, and exceptions clearly bounded?",No / unclear,,,,,,PENDING,TWO_STAGE_MODEL_REVIEW,
f58104ebc2da4fff,locked_test,XpresspaGroupInc_20190401_10-K_EX-10.28_11599457_EX-10.28_Marketing Agreement.pdf,2079,Covenant Not To Sue,"Neither Party shall do or cause to be done any act or thing that may in any way adversely affect any rights of the other Party in and to such other Party's Marks or any registrations thereof or that, directly or indirectly, may reduce the value of such Marks or detract from any Mark's reputation, including challenging the ownership, validity or enforceability of such Marks.",CNTS-3,Is the covenant materially one-sided or broader than any reciprocal protection?,Yes,,,,,,PENDING,TWO_STAGE_MODEL_REVIEW,
bb0743d2068eea43,locked_test,MOELIS&CO_03_24_2014-EX-10.19-STRATEGIC ALLIANCE AGREEMENT.PDF,483,Change Of Control,"This Agreement may be terminated as follows:<omitted>(d) by any party if the SMBC Unit-Holders cease to hold any Partnership Interests as a result of sale or transfer pursuant to Section 12.4 of this Agreement or Section 8.4 of the Moelis Holdings Agreement, such termination to be effective six (6) months following the date on which the other parties receive written notice of such party's election to terminate this Agreement;",COC-1,What happens on a change of control?,Automatic termination or harsh adverse effect,,,,,,PENDING,TWO_STAGE_MODEL_REVIEW,
39b82ef6c36fdcb2,locked_test,VerizonAbsLlc_20200123_8-K_EX-10.4_11952335_EX-10.4_Service Agreement.pdf,1112,Change Of Control,"Within fifteen (15) Business Days after the merger, consolidation, succession or assignment, such Person will (i) execute an agreement to assume the Depositor's obligations under this Agreement and each Transaction Document to which the Depositor is a party (unless the assumption happens by operation of Law), (ii) deliver to the Issuer, the Owner Trustee and the Indenture Trustee an Officer's Certificate and an Opinion of Counsel each stating that the merger, consolidation, succession or assignment and the assumption agreement comply with this Section 5.3, (iii) deliver to the Issuer, the Owner Trustee and the Indenture Trustee an Opinion of Counsel stating that the security interest in favor of the Issuer in the Depositor Transferred Property and the Indenture Trustee in the Collateral is or will be perfected and (iv) notify the Rating Agencies of the merger, consolidation, succession or assignment.",COC-2,Is the same corporate event treated inconsistently versus the anti-assignment clause?,Yes,,,,,,PENDING,TWO_STAGE_MODEL_REVIEW,
4a8b8d98719a70b1,locked_test,HealthcentralCom_19991108_S-1A_EX-10.27_6623292_EX-10.27_Co-Branding Agreement.pdf,1583,Competitive Restriction Exception,"If, at any time during the Term of this Agreement, HCI fails to meet the content requirements set out in paragraphs 3(f), (g) and (h), HCI shall no longer be entitled to be the exclusive health content partner in the health section of the Sympatico web site.",CRE-1,"Are exceptions to exclusivity, non-compete, or similar restrictions clearly defined?",No / unclear,,,,,,PENDING,TWO_STAGE_MODEL_REVIEW,
6c004d8b37c85805,locked_test,MOELIS&CO_03_24_2014-EX-10.19-STRATEGIC ALLIANCE AGREEMENT.PDF,465,Competitive Restriction Exception,"Notwithstanding the foregoing, this provision shall not prevent any party from soliciting or otherwise contacting any Client (i) for any purpose other than working on or obtaining an assignment on Covered Businesses involving Japanese Companies in Covered Regions where all principal parties involved are located within Covered Regions or (ii) with whom such party (or its employees or consultants) has had a pre-existing relationship, including, but not limited to, a pre-existing contractual or business relationship, prior to the Introduction of such Client in connection with an assignment covered by this Agreement.",CRE-2,Do the exceptions materially weaken the protection expected by the reviewing party?,Yes,,,,,,PENDING,TWO_STAGE_MODEL_REVIEW,
a639457f0fb039e8,locked_test,BIOCEPTINC_08_19_2013-EX-10-COLLABORATION AGREEMENT.PDF,996,Competitive Restriction Exception,"Life Technologies will be authorized to perform the Professional Component of all Tests sold by the parties, although Biocept may engage other groups in promotion, marketing and performance arrangements for the Tests, at the discretion of Biocept.",CRE-3,Are the exception triggers consistent with the surrounding restriction clauses?,No / unclear,,,,,,PENDING,TWO_STAGE_MODEL_REVIEW,
0e46f254be85d200,locked_test,CHANGEPOINTCORP_03_08_2000-EX-10.6-LICENSE AND HOSTING AGREEMENT.PDF,102,Source Code Escrow,"The Escrow Agent shall require Changepoint to place in an          escrow account in Toronto a copy of the source code of the Software          including all Updates and Upgrades thereto, documentation and similar          materials (the ""SOURCE CODE"").",ESC-1,Is the licensed software business-critical with no escrow or equivalent continuity path?,Yes,,,,,,PENDING,TWO_STAGE_MODEL_REVIEW,
1cfdd09ee0b27531,locked_test,CHANGEPOINTCORP_03_08_2000-EX-10.6-LICENSE AND HOSTING AGREEMENT.PDF,105,Source Code Escrow,"Corio shall notify Changepoint in writing if it believes that          one of the following events (the ""RELEASE CONDITIONS"") has occurred and          that it intends to seek release of the Source Code from the escrow          account: (i) Changepoint's dissolution or ceasing to do business in the          normal course, except as a result or a merger, amalgamation or sale of          all or a substantial part of the assets of Changepoint, or (ii)          Changepoint's repeated and material breach of Changepoint's Software          Support and Maintenance obligations defined under Section 5 of this          Agreement and EXHIBIT C pertaining to the correction of programming





         errors and such breach is not cured within sixty (60) days of receipt          of written notice thereof from Corio.",ESC-2,"Are release conditions clear (for example bankruptcy, material breach, failure to support)?",No,,,,,,PENDING,TWO_STAGE_MODEL_REVIEW,
902710e079e7907e,locked_test,BizzingoInc_20120322_8-K_EX-10.17_7504499_EX-10.17_Endorsement Agreement.pdf,2179,Exclusivity,"Notwithstanding the foregoing, during the term and for a period of one (1) year thereafter, Theismann shall not use,  permit the use of, or license to others the Property in connection with the advertisement, promotion, and sale of any network or Internet service,  including but limited to all computer/video games, CD-ROMs, and/or interactive video of any form, except for a pre-existing license by Theismann.",EXC-1,Is exclusivity granted without performance obligations or exit rights?,Yes,,,,,,PENDING,TWO_STAGE_MODEL_REVIEW,
68024707e901ce40,locked_test,"PACIRA PHARMACEUTICALS, INC. - A&R STRATEGIC LICENSING, DISTRIBUTION AND MARKETING AGREEMENT .PDF",1727,Exclusivity,"PPI hereby grants EKR the exclusive right and license (with the right to sublicense) to use, market, promote, sell, distribute and warehouse the Products (the ""Distribution Rights"") in the Field in the Territory during the Term, as  well as to make or have made the Products anywhere in the world for import or sale in the Field in the Territory in each case, under the PPI  IP provided that PPI retains all rights necessary to manufacture and supply the Products to EKR in accordance with this Agreement and the  Supply Agreement.",EXC-2,Do exceptions hollow out the exclusivity or make it one-sided against the reviewing party?,Yes,,,,,,PENDING,TWO_STAGE_MODEL_REVIEW,
a4b0ed39df5c30ef,locked_test,DataCallTechnologies_20060918_SB-2A_EX-10.9_944510_EX-10.9_Content License Agreement.pdf,2505,Governing Law,This Agreement  shall  be  governed  and  construed in accordance with           the  laws  of  the  United  States of America.,GOV-1,Is governing law stated?,No,,,,,,PENDING,TWO_STAGE_MODEL_REVIEW,
c735c1aca5b81160,locked_test,VerizonAbsLlc_20200123_8-K_EX-10.4_11952335_EX-10.4_Service Agreement.pdf,1111,Governing Law,"THIS AGREEMENT, INCLUDING THE RIGHTS AND DUTIES OF THE PARTIES HERETO, SHALL BE GOVERNED BY, AND CONSTRUED IN ACCORDANCE WITH, THE INTERNAL LAWS OF THE STATE OF NEW YORK (INCLUDING SECTIONS 5-1401 AND 5-1402 OF THE GENERAL OBLIGATIONS LAW OF THE STATE OF NEW YORK, BUT WITHOUT REGARD TO ANY OTHERWISE APPLICABLE CONFLICTS OF LAW PRINCIPLES).",GOV-2,Is the forum or dispute mechanism consistent with the governing law?,Missing or inconsistent,,,,,,PENDING,TWO_STAGE_MODEL_REVIEW,
bc486dfa0c411044,locked_test,"FTENETWORKS,INC_02_18_2016-EX-99.4-STRATEGIC ALLIANCE AGREEMENT.PDF",274,Insurance,"Subcontractor expressly acknowledges while EDGE retains the right to review the insurance provided by Subcontractor and' Lower-tier Subcontractors, EDGE is not obligated to perform such review.",INS-1,Are insurance requirements stated where the activity creates material risk?,No,,,,,,PENDING,TWO_STAGE_MODEL_REVIEW,
f58e946f261cac0c,locked_test,"PACIRA PHARMACEUTICALS, INC. - A&R STRATEGIC LICENSING, DISTRIBUTION AND MARKETING AGREEMENT .PDF",1779,Insurance,"During the Lease Term, PPI shall:<omitted>maintain property damage and liability insurance and insurance against  loss or damage to the Transferred Equipment as part of PPI's general liability insurance.",INS-2,Are required limits aligned with residual liability exposure?,Limits far below exposure,,,,,,PENDING,TWO_STAGE_MODEL_REVIEW,
d2e488cc44c5a743,locked_test,"PACIRA PHARMACEUTICALS, INC. - A&R STRATEGIC LICENSING, DISTRIBUTION AND MARKETING AGREEMENT .PDF",1740,Ip Ownership Assignment,"Effective as of the Agreement Date, PPI hereby sells, transfers, conveys and assigns to EKR all right, title  and interest in and to [**] (the ""Transferred NDA"").",IP-1,Who owns newly created or deliverable IP?,"Vendor owns IP the customer paid to create, without clear license-back",,,,,,PENDING,TWO_STAGE_MODEL_REVIEW,
b0a97676bdaaf650,locked_test,CHANGEPOINTCORP_03_08_2000-EX-10.6-LICENSE AND HOSTING AGREEMENT.PDF,78,Ip Ownership Assignment,"All changes, modifications and enhancements or          derivative works made to the Software or Documentation by Corio or          Changepoint, or jointly by the parties, shall be owned by Changepoint,          including all copyrights, patents, trade secret rights, trademarks and          other intellectual property rights therein.",IP-2,Is assignment language present-tense (for example 'hereby assigns') rather than only future ('will assign')?,Future-tense only,,,,,,PENDING,TWO_STAGE_MODEL_REVIEW,
5ac81aa938c225fb,locked_test,MOSSIMOINC_04_14_2000-EX-10.14-ENDORSEMENT AGREEMENT.PDF,297,Ip Ownership Assignment,"In the event that, prior to commencement of the Contract Period, Company has filed one or more applications for registration of any such trademark, or otherwise has obtained any rights to such trademark, Company agrees to cause such applications and/or trademarks to be assigned and transferred to Licensor forthwith.",IP-3,Does the clause assign the customer's pre-existing IP or data to the vendor?,Yes,,,,,,PENDING,TWO_STAGE_MODEL_REVIEW,
60aa80f1fecf97ae,locked_test,"PACIRA PHARMACEUTICALS, INC. - A&R STRATEGIC LICENSING, DISTRIBUTION AND MARKETING AGREEMENT .PDF",1743,Ip Ownership Assignment,"Upon termination of this Agreement for any reason except by EKR pursuant to Section 16.1(a), EKR shall promptly transfer the Transferred NDA and related regulatory documentation to PPI in accordance with Section 17.1(e).",IP-4,Is each party's background IP clearly retained?,No,,,,,,PENDING,TWO_STAGE_MODEL_REVIEW,
6a4c4a0d0fe63832,locked_test,ELECTRAMECCANICA VEHICLES CORP. - Manufacturing Agreement .PDF,1934,Irrevocable Or Perpetual License,"Subject to the terms of this Agreement, subject to Manufacturer meeting EMV's requirements for quality, price and lead- time, EMV hereby grants Manufacturer an exclusive, non-transferable, license (without the right to sublicense) under EMV's Proprietary Rights in the Territory, during the term of this Agreement, to use the Specifications solely for the purpose of manufacturing the Products to fulfil Purchase Orders for EMV.",IPL-1,Is the license described as irrevocable or perpetual?,Present — then check IPL-2 and IPL-3,,,,,,PENDING,TWO_STAGE_MODEL_REVIEW,
cba91b25866fb13f,locked_test,ELECTRAMECCANICA VEHICLES CORP. - Manufacturing Agreement .PDF,1934,Irrevocable Or Perpetual License,"Subject to the terms of this Agreement, subject to Manufacturer meeting EMV's requirements for quality, price and lead- time, EMV hereby grants Manufacturer an exclusive, non-transferable, license (without the right to sublicense) under EMV's Proprietary Rights in the Territory, during the term of this Agreement, to use the Specifications solely for the purpose of manufacturing the Products to fulfil Purchase Orders for EMV.",IPL-2,Can the supplier still terminate the license for convenience or minor breach?,Yes,,,,,,PENDING,TWO_STAGE_MODEL_REVIEW,
4fe45ad7889aedb2,locked_test,RareElementResourcesLtd_20171019_SC 13D_EX-99.4_10897534_EX-99.4_Intellectual Property Agreement.pdf,780,Irrevocable Or Perpetual License,"Company further grants to Investor, during the duration of the Option Period, a worldwide, royalty-free, non-exclusive, irrevocable license (with the right to grant sublicenses to Affiliates) to use the Technical Information to practice the methods described and claimed in the Patents and to make and have made, use, offer to sell, sell and import products made using the methods, and to make Improvements, and to engage in any activity which would give rise to a claim of infringement (direct or indirect or otherwise) of one or more of the Patents in the absence of a license.",IPL-3,Did the reviewing party grant an irrevocable or perpetual license it did not intend?,Yes,,,,,,PENDING,TWO_STAGE_MODEL_REVIEW,
fc4560f691423685,locked_test,"KIROMICBIOPHARMA,INC_04_08_2020-EX-10.28-JOINT VENTURE AGREEMENT.PDF",983,Joint Ip Ownership,"In this case the Party concerned shall have the right to proceed with the submission of the application on the Results at its own expense and in co-ownership with the other Party, subject to written notice.",JIPO-1,Are ownership shares or ownership rights for jointly created IP clearly defined?,No / unclear,,,,,,PENDING,TWO_STAGE_MODEL_REVIEW,
77cfc0a8cebe29f3,locked_test,"PACIRA PHARMACEUTICALS, INC. - A&R STRATEGIC LICENSING, DISTRIBUTION AND MARKETING AGREEMENT .PDF",1745,Joint Ip Ownership,"Joint Improvements  shall be owned jointly by the Parties, and PPI's interest therein shall be licensed to EKR hereunder.",JIPO-2,"Are licensing, exploitation, enforcement, registration, and cost responsibilities for joint IP addressed?",No / unclear,,,,,,PENDING,TWO_STAGE_MODEL_REVIEW,
df0044cdd51506b8,locked_test,"KIROMICBIOPHARMA,INC_04_08_2020-EX-10.28-JOINT VENTURE AGREEMENT.PDF",983,Joint Ip Ownership,"In this case the Party concerned shall have the right to proceed with the submission of the application on the Results at its own expense and in co-ownership with the other Party, subject to written notice.",JIPO-3,"Are exit, termination, or dispute consequences for jointly owned IP unclear?",Yes / unclear,,,,,,PENDING,TWO_STAGE_MODEL_REVIEW,
bf097d657479c7d1,locked_test,"INTERSECTENT,INC_05_11_2020-EX-10.1-SUPPLY AGREEMENT.PDF",2460,Liquidated Damages,"In the case that either company is acquired by, or merges with, another company which has reason to not wish to continue the relationship, that company may make a contract buyout payment [*] for the [*], with a [*] buyout payment amount of [*].",LD-1,Does the amount appear to be a reasonable pre-estimate of loss rather than a penalty?,Looks punitive or arbitrary,,,,,,PENDING,TWO_STAGE_MODEL_REVIEW,
bdac13d6d35d491d,locked_test,MOSSIMOINC_04_14_2000-EX-10.14-ENDORSEMENT AGREEMENT.PDF,303,Liquidated Damages,"In the event the Company terminates the                   Agreement in accordance with Section 16, any unearned                   Additional License Fee will be fully refundable and due the                   Company as set forth in Section 16.",LD-2,Is the relationship between liquidated damages and the liability cap stated?,Silent or conflicting,,,,,,PENDING,TWO_STAGE_MODEL_REVIEW,
e2eb2abf309fc226,locked_test,"PACIRA PHARMACEUTICALS, INC. - A&R STRATEGIC LICENSING, DISTRIBUTION AND MARKETING AGREEMENT .PDF",1746,License Grant,"The Step-in Right shall include, without limitation, and to the extent allowable under Applicable Law, PPI's grant to EKR of  such additional license rights, rights of access, rights of observation and rights of management, direction and control, in  each case solely with respect to the manufacture and supply of Product and as reasonably necessary to enable and permit  EKR (or EKR's designee) to ensure that the supply of Product shall continue to be available to EKR under this Agreement  and the Supply Agreement; provided that EKR in exercising the Step-in Right shall not (i) unreasonably interfere with PPI's  other activities at the facilities at which the Product is manufactured, tested, labeled, stored or<omitted>otherwise handled (""Product Facilities"") or (ii) require PPI to take any action or fail to take any action that does or could  reasonably be expected to interfere with PPI's other activities at the Product Facilities.",LIC-1,"Are field, territory, and purpose of the license clear?",Unclear or missing,,,,,,PENDING,TWO_STAGE_MODEL_REVIEW,
bb12613a381efacb,locked_test,CHANGEPOINTCORP_03_08_2000-EX-10.6-LICENSE AND HOSTING AGREEMENT.PDF,85,License Grant,"Subject to the terms and conditions of this          Agreement, Changepoint grants to Corio a nonexclusive, nontransferable          (except in accordance with Section 14.1 of this Agreement),          royalty-free, fully paid up license in the Territory to reproduce,          install and use additional copies of the Software, Documentation, and          Software tools and utilities if any, subject to any restrictions placed          on the Changepoint by third party software providers and payment of any          applicable fees required by such third parties, in machine executable          object code for production, testing, development, upgrade, reporting          and training for the purpose of allowing the Software to be made          available to Customers as part of the Corio Services.",LIC-2,Is the license broader than the commercial deal requires?,Yes,,,,,,PENDING,TWO_STAGE_MODEL_REVIEW,
391c2f3d9f7d328e,locked_test,"PACIRA PHARMACEUTICALS, INC. - A&R STRATEGIC LICENSING, DISTRIBUTION AND MARKETING AGREEMENT .PDF",1751,License Grant,"Joint Improvements  shall be owned jointly by the Parties, and PPI's interest therein shall be licensed to EKR hereunder.",LIC-3,Are sublicense or affiliate rights missing when the deal needs them?,Yes,,,,,,PENDING,TWO_STAGE_MODEL_REVIEW,
3a657233b89cbd66,locked_test,ENTERPRISEPRODUCTSPARTNERSLP_07_08_1998-EX-10.3-TRANSPORTATION CONTRACT.PDF,686,Cap On Liability,"A claim must be filed with Carrier within     thirty (30) days from the date the shipment in question was delivered, and     (i) contain facts sufficient to identify the shipment (or shipments)     involved (ii) assert the grounds for Carrier's liability for alleged loss,     damage, injury, or delay, and (iii) request payment of a specified or     determinable amount of money.",LOL-1,Is there no express monetary or fee-based liability cap?,Yes,,,,,,PENDING,TWO_STAGE_MODEL_REVIEW,
6ffc4ed57c1aa9cd,locked_test,SFGFINANCIALCORP_05_12_2009-EX-10.1-SOFTWARE LICENSE AND MAINTENANCE AGREEMENT.PDF,1332,Cap On Liability,"Licensor shall assume no liability, both contingent and otherwise, which may arise out of or be in any  way related to the following; (a) furnishing, performance, maintenance, use of, or inability to use all or  any part of the system, (b) any fault in the delivery or operation of the system, (c) suspension or  termination of the Licensee's ability to use all or part of the system, or any inaccuracies or omissions  in any information or documentation provided, (d) any failure or delay suffered or allegedly suffered  by Licensee in initiating and terminating trades, (e) the termination of all or part of this Licensee  Agreement by the Licensor, (f) the termination or modification of any and all parts of the License.",LOL-2,Is the cap mutual?,One-sided protecting only the counterparty,,,,,,PENDING,TWO_STAGE_MODEL_REVIEW,
5afc7fee61b6c1d0,locked_test,CHANGEPOINTCORP_03_08_2000-EX-10.6-LICENSE AND HOSTING AGREEMENT.PDF,124,Cap On Liability,"Termination of this          Agreement by Corio for non conformance of the Software to the          Documentation under this Section 3.1 shall, upon a refund of all          fees paid to Changepoint, be Corio's sole and exclusive remedy          against Changepoint for any nonconformance of the Software with the          Documentation.",LOL-3,Is the liability cap nominal or very low relative to deal value or exposure?,Yes,,,,,,PENDING,TWO_STAGE_MODEL_REVIEW,
7e400444de57e071,locked_test,AURASYSTEMSINC_06_16_2010-EX-10.25-STRATEGIC ALLIANCE AGREEMENT.PDF,2549,Cap On Liability,"NEITHER PARTY SHALL NOT BE LIABLE TO THE OTHER FOR ANY DAMAGES, LOSSES OR EXPENSES RESULTING FROM ANY  TERMINATION OR EXPIRATION OF THIS AGREEMENT ARISING FROM ANY CLAIMS ASSERTED WHICH ARE BASED UPON  LOSS OF GOODWILL, PROSPECTIVE PROFITS OR ANTICIPATED ORDERS, OR ON ACCOUNT OF ANY EXPENDITURES,  INVESTMENTS, LEASES OR COMMITMENTS MADE BY SUCH PARTY;",LOL-4,"Are high-risk heads missing from the liability-cap carve-outs (for example IP, confidentiality/data, fraud, willful misconduct, gross negligence)?",Yes,,,,,,PENDING,TWO_STAGE_MODEL_REVIEW,
2674f6e6895b0ffd,locked_test,KINGPHARMACEUTICALSINC_08_09_2006-EX-10.1-PROMOTION AGREEMENT.PDF,2434,Cap On Liability,"In the event that a Depomed Supply Failure occurs, notwithstanding its compliance with its obligations under Section 6.1, to fulfill all orders for the Product generated by King activities in a timely and efficient manner, upon written notice to Depomed (a ""King Manufacturing Notice""), King shall have, and hereby grants King, exercisable only in accordance with the provisions hereof, the right, but not the obligation, to manufacture, or have manufactured, the Product on behalf of Depomed, at Depomed's expense, including expenses related to the technical transfer of the Product, and Depomed will provide reasonable assistance to King in connection therewith, including by transferring or licensing to King all Technology necessary or useful to give King the capability of manufacturing the Product so that King can undertake manufacture of the Product; provided, however, that Depomed shall not be required to reimburse King for more than [***] percent ([***]%) of Depomed's standard cost for such Product.",LOL-5,Is the exclusion of consequential or indirect damages one-sided against the reviewing party?,Yes,,,,,,PENDING,TWO_STAGE_MODEL_REVIEW,
57ca736cd91be53c,locked_test,AURASYSTEMSINC_06_16_2010-EX-10.25-STRATEGIC ALLIANCE AGREEMENT.PDF,2530,Most Favored Nation,"Zanotti shall notify Aura  in writing of any such MFN Terms within fifteen (15) calendar days after agreeing thereto, and shall make the MFN Terms available to Aura as of  the effective date of such agreement and thereafter for the greater of (i) three (3) months or (ii) such time that the MFN Terms remain in effect.",MFN-1,"Is MFN scope (price, terms, customers, territory) clear?",Unclear,,,,,,PENDING,TWO_STAGE_MODEL_REVIEW,
c68fde25145a849b,locked_test,AURASYSTEMSINC_06_16_2010-EX-10.25-STRATEGIC ALLIANCE AGREEMENT.PDF,2529,Most Favored Nation,"During the term of this Agreement, Zanotti agrees that Aura shall be allowed the full benefit of any and all lower prices  and/or any more favorable terms and/or conditions (""MFN"" Terms) contained in any other agreement entered into by Zanotti for the sale of any  product substantially similar to the Product in the same or lesser quantities described in this Agreement to third parties",MFN-2,Does MFN conflict with other price or discount restrictions in the contract?,Yes,,,,,,PENDING,TWO_STAGE_MODEL_REVIEW,
38a897b28a5e69e8,locked_test,ELECTRAMECCANICA VEHICLES CORP. - Manufacturing Agreement .PDF,1925,Minimum Commitment,"In case that EMV fails to reach the target volume within the specified period of the agreement, EMV shall reimburse the Manufacturer the investment of the equipment by the percentage of unachieved volume.",MIN-1,Is there a minimum purchase or take-or-pay obligation?,Yes — check relief terms,,,,,,PENDING,TWO_STAGE_MODEL_REVIEW,
3986d453f97db587,locked_test,AURASYSTEMSINC_06_16_2010-EX-10.25-STRATEGIC ALLIANCE AGREEMENT.PDF,2541,Minimum Commitment,"Within thirty (30) days from the Effective Date hereof, Zanotti shall deliver to Aura a minimum total of twelve (12)  Products to be delivered to Aura's facilities McDonough, Georgia, of such type as mutually agreed by the Parties (the ""Initial Order"").",MIN-2,Is there relief if goods or services are not delivered or are unusable?,No,,,,,,PENDING,TWO_STAGE_MODEL_REVIEW,
a51bc08b1e66534f,locked_test,XpresspaGroupInc_20190401_10-K_EX-10.28_11599457_EX-10.28_Marketing Agreement.pdf,2043,Non-Compete,"Throughout the Term and for a period of six (6) months after the expiration or termination of this Agreement, neither XSPA nor any of its affiliates shall, directly or indirectly, sell, offer for sale, market or promote any digital meditation or digital sleep products (other than the Products), including online or in any Store in the Territory, without the express prior written consent of Calm.",NC-1,"Are scope, geography, and duration reasonable?",Over-broad or excessively long,,,,,,PENDING,TWO_STAGE_MODEL_REVIEW,
e1e8f837cf02c42f,locked_test,XpresspaGroupInc_20190401_10-K_EX-10.28_11599457_EX-10.28_Marketing Agreement.pdf,2043,Non-Compete,"Throughout the Term and for a period of six (6) months after the expiration or termination of this Agreement, neither XSPA nor any of its affiliates shall, directly or indirectly, sell, offer for sale, market or promote any digital meditation or digital sleep products (other than the Products), including online or in any Store in the Territory, without the express prior written consent of Calm.",NC-2,Is there a meaningful exception or carve-out for ordinary business?,No,,,,,,PENDING,TWO_STAGE_MODEL_REVIEW,
d4ed7d7f1bf834e9,locked_test,CybergyHoldingsInc_20140520_10-Q_EX-10.27_8605784_EX-10.27_Affiliate Agreement.pdf,1561,Non-Disparagement,"Company shall not specify the business practices of MA, nor regulate the manner in which MA shall operate its business, provided that MA (a) conducts business in a manner that reflects favorably at all times on the Technology sold and the good name, goodwill and reputation of Company and its affiliates<omitted>",NDS-1,Is the non-disparagement restriction materially broader than needed for the transaction?,Yes,,,,,,PENDING,TWO_STAGE_MODEL_REVIEW,
0e4dc90f7d08a9f2,locked_test,CybergyHoldingsInc_20140520_10-Q_EX-10.27_8605784_EX-10.27_Affiliate Agreement.pdf,1561,Non-Disparagement,"Company shall not specify the business practices of MA, nor regulate the manner in which MA shall operate its business, provided that MA (a) conducts business in a manner that reflects favorably at all times on the Technology sold and the good name, goodwill and reputation of Company and its affiliates<omitted>",NDS-2,"Is the restriction mutual and subject to appropriate legal, regulatory, or truthful-reporting exceptions?",No / unclear,,,,,,PENDING,TWO_STAGE_MODEL_REVIEW,
218408288627f818,locked_test,CybergyHoldingsInc_20140520_10-Q_EX-10.27_8605784_EX-10.27_Affiliate Agreement.pdf,1561,Non-Disparagement,"Company shall not specify the business practices of MA, nor regulate the manner in which MA shall operate its business, provided that MA (a) conducts business in a manner that reflects favorably at all times on the Technology sold and the good name, goodwill and reputation of Company and its affiliates<omitted>",NDS-3,Is the duration or covered audience unclear or unusually extensive?,Yes / unclear,,,,,,PENDING,TWO_STAGE_MODEL_REVIEW,
fb3d602ba4563c66,locked_test,AURASYSTEMSINC_06_16_2010-EX-10.25-STRATEGIC ALLIANCE AGREEMENT.PDF,2526,Notice Period To Terminate Renewal,"Unless terminated prior to the natural expiration of the Initial Term, upon the expiry of the  Initial Term this Agreement shall automatically renew for successive terms of the same duration, unless either party gives written notice to the  other of such party's desire not to renew not less than ninety (90) days prior to the date of the expiration of the Initial Term or any









  successive term thereafter.",NOT-1,Is a notice period to prevent renewal stated?,No,,,,,,PENDING,TWO_STAGE_MODEL_REVIEW,
d269902a307210d1,locked_test,MOELIS&CO_03_24_2014-EX-10.19-STRATEGIC ALLIANCE AGREEMENT.PDF,463,Notice Period To Terminate Renewal,"At the end of such initial term, and any renewed term, as applicable, this Agreement shall automatically renew for an additional one (1) year term, unless a party provides written notice to the other parties at least six (6) months prior to the end of the<omitted>initial term.",NOT-2,Can the deadline be calculated clearly from the renewal or term dates?,No,,,,,,PENDING,TWO_STAGE_MODEL_REVIEW,
b50e6392a60ef899,locked_test,MOELIS&CO_03_24_2014-EX-10.19-STRATEGIC ALLIANCE AGREEMENT.PDF,463,Notice Period To Terminate Renewal,"At the end of such initial term, and any renewed term, as applicable, this Agreement shall automatically renew for an additional one (1) year term, unless a party provides written notice to the other parties at least six (6) months prior to the end of the<omitted>initial term.",NOT-3,Does the notice window fall inside the current term in a workable way?,No,,,,,,PENDING,TWO_STAGE_MODEL_REVIEW,
515c075ff3e6858c,locked_test,"Loop Industries, Inc. - Marketing Agreement.PDF",1251,No-Solicit Of Customers,"Joint Venture Company shall not, and shall cause each SPV and each of their Affiliates not to, directly or indirectly, market or sell any Loop-branded Products or any Products produced using Licensed Subject Matter to any person or entity except to Authorized Customers pursuant to a Transferred Contract (the ""Marketing and Sale Restriction""); provided that if at any time during the term of this Agreement, Loop has delivered Proposed Contract Notices that result in Transferred Contracts having binding purchase and supply obligations for less than [***] of the then existing actual production capacity of a Licensed Facility (taking into account Joint Venture Company's reasonable forecasts based on customer requirements, seasonal variations, and other factors) in the subsequent three months (the ""[***]""), Joint Venture Company may market and solicit orders for Licensed Products produced in such Licensed Facility directly to customers and potential customers and enter into supply contracts for the sale of Loop-branded Products or any Products produced using Licensed Subject Matter produced in such Licensed Facility with customers without being restricted by the Marketing and Sale Restriction.",NS-1,Is non-solicit so broad it functions as a non-compete?,Yes,,,,,,PENDING,TWO_STAGE_MODEL_REVIEW,
f6c315fbf8dfb180,locked_test,SFGFINANCIALCORP_05_12_2009-EX-10.1-SOFTWARE LICENSE AND MAINTENANCE AGREEMENT.PDF,1312,No-Solicit Of Employees,"During the Term of this Agreement and during the three year period after the expiration or termination of this  Agreement, the Licensee will not solicit any person employed by Licensor and/or its Affiliates to leave his or her employment with Licensor.",NS-2,Are duration and covered persons reasonable?,No,,,,,,PENDING,TWO_STAGE_MODEL_REVIEW,
4ac73f06bf56ea66,locked_test,RandWorldwideInc_20010402_8-KA_EX-10.2_2102464_EX-10.2_Co-Branding Agreement.pdf,442,Non-Transferable License,"On or before the Launch Date, each party shall grant the other party a non-exclusive, non-transferable, revocable right to use their approved Marks, for the sole purpose of advertising, marketing, promotion and sale of the Co-Branded Service.",NTL-1,"Does the license prohibit transfer, assignment, or sublicense in a way that could block the intended operational use?",Yes,,,,,,PENDING,TWO_STAGE_MODEL_REVIEW,
a033f81a5d24b4a6,locked_test,KINGPHARMACEUTICALSINC_08_09_2006-EX-10.1-PROMOTION AGREEMENT.PDF,2422,Non-Transferable License,"Depomed hereby grants to King a non-assignable, non- sublicensable, non-exclusive, royalty-free right and license to use the Depomed Trademarks in the Territory solely in connection with King's Promotion of the Product in accordance with this Agreement; provided King may assign and sublicense such right and license in accordance with Section 2.2.",NTL-2,"Are affiliate, merger, acquisition, financing, or other necessary transfer exceptions absent?",Yes,,,,,,PENDING,TWO_STAGE_MODEL_REVIEW,
e5ff03f9d282474c,locked_test,VerizonAbsLlc_20200123_8-K_EX-10.4_11952335_EX-10.4_Service Agreement.pdf,1115,Non-Transferable License,"Except for the transfer and assignment under this Agreement, the Depositor will not transfer or assign any Depositor Transferred Property to another Person or Grant or allow a Lien, other than a Permitted Lien, on an interest in any Depositor Transferred Property.",NTL-3,Do transfer restrictions conflict with the anti-assignment or change-of-control provisions?,Yes / inconsistent,,,,,,PENDING,TWO_STAGE_MODEL_REVIEW,
2c71638ad3f3462f,locked_test,ENTERPRISEPRODUCTSPARTNERSLP_07_08_1998-EX-10.3-TRANSPORTATION CONTRACT.PDF,667,Price Restrictions,"When for Shipper's convenience a trailer is set out at the facilities of the    Consignor or Consignee or any other site designated, a charge of $10.00 per    hour or fraction thereof will apply, subject to a maximum charge of $100.00    per trailer in any consecutive twenty-four (24) hour period.",PR-1,Can the counterparty raise prices without clear limits or notice?,Yes,,,,,,PENDING,TWO_STAGE_MODEL_REVIEW,
c6617f320930125d,locked_test,ENTERPRISEPRODUCTSPARTNERSLP_07_08_1998-EX-10.3-TRANSPORTATION CONTRACT.PDF,667,Price Restrictions,"When for Shipper's convenience a trailer is set out at the facilities of the    Consignor or Consignee or any other site designated, a charge of $10.00 per    hour or fraction thereof will apply, subject to a maximum charge of $100.00    per trailer in any consecutive twenty-four (24) hour period.",PR-2,Are price-adjustment formulas and triggers stated clearly?,No,,,,,,PENDING,TWO_STAGE_MODEL_REVIEW,
2472ed4289ef22e1,locked_test,KINGPHARMACEUTICALSINC_08_09_2006-EX-10.1-PROMOTION AGREEMENT.PDF,2424,Post-Termination Services,"Following the termination of this Agreement at the conclusion of the initial five year term or any additional term, for each of the eight full calendar quarters following such termination, Depomed shall pay to King an amount equal to, in each of the first four such calendar quarters, [***]% of the Net Sales for each such quarter and, in each of the fifth through eighth such calendar quarters, [***]% of such Net Sales for each such quarter.",PTS-1,Is transition or post-termination assistance required where continuity matters?,No,,,,,,PENDING,TWO_STAGE_MODEL_REVIEW,
46d0eade20f4bd80,locked_test,VerizonAbsLlc_20200123_8-K_EX-10.4_11952335_EX-10.4_Service Agreement.pdf,1116,Post-Termination Services,"On its resignation or termination, the Servicer will cooperate with the Issuer, the Owner Trustee, the Indenture Trustee and the Successor Servicer in effecting (i) the termination of its rights and obligations under this Agreement and (ii) an orderly transition of such rights and obligations to the Successor Servicer.",PTS-2,"Are duration, fees, and data-return terms for post-termination services clear?",No,,,,,,PENDING,TWO_STAGE_MODEL_REVIEW,
945c79fa65e83125,locked_test,"KIROMICBIOPHARMA,INC_04_08_2020-EX-10.28-JOINT VENTURE AGREEMENT.PDF",972,Renewal Term,"This JV Agreement shall become effective on the signing date and shall have a duration of * years, extendable for a further * years, unless notice of non- renewal is sent one year before the natural expiry date.",REN-1,Is renewal automatic or evergreen?,Yes — then require workable non-renewal notice,,,,,,PENDING,TWO_STAGE_MODEL_REVIEW,
84476267083fad2e,locked_test,BizzingoInc_20120322_8-K_EX-10.17_7504499_EX-10.17_Endorsement Agreement.pdf,2177,Renewal Term,"Unless sooner terminated under the provisions hereof, this Agreement shall commence on the Effective Date and continue for a period  of one (1) year (""Term""). provided however, that the Parties may extend the Term for an additional year period by entering into an written  addendum of the Agreement extending such term.",REN-2,Is the non-renewal notice period stated and calculable from the renewal date?,No,,,,,,PENDING,TWO_STAGE_MODEL_REVIEW,
fceac06c0c92c65c,locked_test,RangeResourcesLouisianaInc_20150417_8-K_EX-10.5_9045501_EX-10.5_Transportation Agreement.pdf,1481,Renewal Term,"This Agreement shall commence on the Effective Date and continue in full force and effect until the end of the fifteenth (15th) Contract Year, and shall continue in full force and effect thereafter until terminated by either Party by providing thirty (30) calendar days' prior written notice of termination to the other Party (such fifteen (15) Contract Year period, as may be further extended as provided herein is referred to as the ""Term"").",REN-3,Is the notice window so early that non-renewal is impractical?,Yes,,,,,,PENDING,TWO_STAGE_MODEL_REVIEW,
c4d0d3efcad45005,locked_test,MOELIS&CO_03_24_2014-EX-10.19-STRATEGIC ALLIANCE AGREEMENT.PDF,479,Rofr/Rofo/Rofn,"In the event a Partner proposes to undertake a sale or transfer of Partnership Interests to which the foregoing right applies, and Moelis General Partner must consent to the sale or transfer, Moelis General Partner shall require that Partner to give SMBC written notice of its intention to sell or transfer Partnership Interests to an SMBC Competitor describing the price and terms upon which such Partner proposes to sell or transfer its Partnership Interests.",ROFR-1,"Is the trigger for the right of first refusal, offer, or negotiation clearly defined?",No / unclear,,,,,,PENDING,TWO_STAGE_MODEL_REVIEW,
b7ccddda9abeae17,locked_test,XpresspaGroupInc_20190401_10-K_EX-10.28_11599457_EX-10.28_Marketing Agreement.pdf,2048,Rofr/Rofo/Rofn,"If Calm exercises its ROFR within the ROFR Period, the Parties shall enter into an amendment or addendum to this Agreement to include such additional region and/or Stores.",ROFR-2,"Are notice, response, matching, negotiation, and expiry periods objectively calculable?",No / unclear,,,,,,PENDING,TWO_STAGE_MODEL_REVIEW,
0cc913b4689a76d8,locked_test,KINGPHARMACEUTICALSINC_08_09_2006-EX-10.1-PROMOTION AGREEMENT.PDF,2399,Rofr/Rofo/Rofn,"Depomed shall notify King in writing in the event that Depomed desires to divest itself of its rights to the Product in the Territory (e.g., by asset sale or product license to a Third Party), or of its rights in the Territory to a product owned or controlled by Depomed containing metformin and another active pharmaceutical ingredient in combination with Depomed's proprietary drug delivery technology incorporated within the Product (currently referred to as the AcuForm technology) (a ""Combination Product"").",ROFR-3,"Can the right materially constrain a transaction, sale, or third-party deal without a clear process?",Yes / unclear,,,,,,PENDING,TWO_STAGE_MODEL_REVIEW,
e8298d9cd749ee42,locked_test,XpresspaGroupInc_20190401_10-K_EX-10.28_11599457_EX-10.28_Marketing Agreement.pdf,2055,Revenue/Profit Sharing,XSPA shall pay to Calm on a monthly basis an amount equal to (i) fifty percent (50%) of the Retail Price for all Products sold in the Stores in the Territory during the applicable month minus (ii) fifty percent (50%) of any commission actually paid or payable to XSPA employee(s) or contractor(s) attributable to sales of such Products during such month; provided that in no event shall such commission be greater than fifteen percent (15%) of the Retail Price for the applicable Product.,RPS-1,"Are the revenue, profit, net sales, or other sharing bases defined sufficiently to calculate the amount owed?",No / unclear,,,,,,PENDING,TWO_STAGE_MODEL_REVIEW,
874f2ccbe66c975e,locked_test,VALENCETECHNOLOGYINC_02_14_2003-EX-10-JOINT VENTURE CONTRACT.PDF,192,Revenue/Profit Sharing,"Party A's contribution to the registered capital of the Joint Venture Company shall be Fourteen Million Six Hundred Fifty-One Thousand United States Dollars (US$14,651,000), representing a forty-nine percent (49%) share of the Joint Venture Company's registered capital. Party B's contribution to the registered capital of the Joint Venture Company shall be Fifteen Million Two Hundred Forty Nine Thousand United States Dollars (US$15,249,000), representing a fifty-one percent (51%) share of the Joint Venture Company's registered capital.",RPS-2,"Are deductions, credits, refunds, taxes, timing, and payment mechanics clearly specified?",No / unclear,,,,,,PENDING,TWO_STAGE_MODEL_REVIEW,
d2d9aff4e562282a,locked_test,CHANGEPOINTCORP_03_08_2000-EX-10.6-LICENSE AND HOSTING AGREEMENT.PDF,76,Revenue/Profit Sharing,"In consideration for the licenses granted to Corio          pursuant to Section 2 (except Section 2.5) of this Agreement, Corio          shall pay the revenue sharing fees specified in EXHIBIT B hereto.",RPS-3,"Are reporting, audit, record-retention, and dispute mechanisms for the shared amounts addressed?",No / unclear,,,,,,PENDING,TWO_STAGE_MODEL_REVIEW,
e4cf3eed6b131d10,locked_test,AURASYSTEMSINC_06_16_2010-EX-10.25-STRATEGIC ALLIANCE AGREEMENT.PDF,2538,Termination For Convenience,"Notwithstanding Section 7.1 above, this Agreement may be terminated upon the occurrence of any of the following events:<omitted>(d) By either party hereto upon sixty (60) days prior written notice to the other party hereto;",TFC-1,Does the reviewing party have a termination-for-convenience right?,"No, while the counterparty does",,,,,,PENDING,TWO_STAGE_MODEL_REVIEW,
2fa8dfa8272c2680,locked_test,"BLUEROCKRESIDENTIALGROWTHREIT,INC_06_01_2016-EX-1.1-AGENCY AGREEMENT.PDF",1181,Termination For Convenience,"Until the Settlement Date, this Agreement may be terminated by the Agent by giving notice (in the manner prescribed by Section 9 hereof) to the Company, if (i) the Company shall have failed, refused or been unable, at or prior to the Settlement Date, to perform any agreement on its part to be performed hereunder unless the failure to perform any agreement is due to the default or omission by the Agent; (ii) any other condition of the obligations of the Agent hereunder is not fulfilled; (iii) trading in securities generally on the NYSE, NYSE MKT, or Nasdaq shall have been suspended or minimum or maximum prices shall have been established on either of such exchanges or such market by the Commission or by such exchange or other regulatory body or governmental authority having jurisdiction; (iv) trading or quotation in any of the Company's securities shall have been suspended or materially limited by the Commission or by the NYSE MKT, NYSE or Nasdaq or other regulatory body of governmental authority having jurisdiction; (v) a general banking moratorium has been declared by Federal or New York authorities; (vi) a material disruption in securities settlement, payment or clearance services in the United States shall have occurred; (vii) there shall have been any material adverse change in general economic, political or financial conditions in the United States or in international conditions on the financial markets in the United States, in each case, the effect of which is such as to make it, in the Agent's reasonable judgment, inadvisable to proceed with the delivery of the Securities; or (viii) any attack on, outbreak or escalation of hostilities, declaration of war or act of terrorism involving the United States or any other national or international calamity or emergency has occurred if, in the Agent's reasonable judgment, the effect of any such attack, outbreak, escalation, declaration, act, calamity or emergency makes it impractical or inadvisable to proceed with the completion of the placement or the delivery of the Securities.",TFC-2,Is the notice period practical (for example 30 to 60 days)?,"Very long, unclear, or missing",,,,,,PENDING,TWO_STAGE_MODEL_REVIEW,
c7e07447b3348885,locked_test,UnionDentalHoldingsInc_20050204_8-KA_EX-10_3345577_EX-10_Affiliate Agreement.pdf,1031,Termination For Convenience,This Agreement  shall become  effective on the Effective Date      and shall  continue in effect until  either  Party  informs the other Party      with thirty (30) day prior written notice of termination of this Agreement.,TFC-3,Does early exit trigger a large fee or the full remaining commitment?,Yes,,,,,,PENDING,TWO_STAGE_MODEL_REVIEW,
fe673949c40c3fe0,locked_test,HYDRONTECHNOLOGIESINC_03_31_1997-EX-10.47-SPONSORSHIP AGREEMENT.PDF,1070,Third Party Beneficiary,"Each of the parties agree that the foregoing indemnities also apply for the benefit of the NFL (and its affiliates), South Florida Stadium Corporation, the owner and operator of Pro Player Stadium and their respective officials, officers, partners, agents and employees, who shall be deemed third party beneficiaries of this Agreement for the purpose of enforcing these indemnity obligations.",TPB-1,Are third-party beneficiary rights expressly identified or effectively created by the contract?,Yes / unclear,,,,,,PENDING,TWO_STAGE_MODEL_REVIEW,
bfcb88e499b2869a,locked_test,STWRESOURCESHOLDINGCORP_08_06_2014-EX-10.1-COOPERATION AGREEMENT.PDF,884,Third Party Beneficiary,"Nothing in this AGREEMENT shall be construed to confer any right, privilege or benefit on, or to otherwise create any vested right or third-party beneficiary relationship with any person or entity not a party to the AGREEMENT, unless otherwise provided in this AGREEMENT.",TPB-2,"Are the beneficiary identities, rights, and scope clearly bounded?",No / unclear,,,,,,PENDING,TWO_STAGE_MODEL_REVIEW,
4d378132fbb5889b,locked_test,MOSSIMOINC_04_14_2000-EX-10.14-ENDORSEMENT AGREEMENT.PDF,310,Third Party Beneficiary,It is understood that Duval is not a party hereto and has no liability hereunder but is an intended specific third party creditor beneficiary hereof.,TPB-3,Could an unintended third party obtain material enforcement rights?,Yes / unclear,,,,,,PENDING,TWO_STAGE_MODEL_REVIEW,
7d6a3d2c7a63ddd6,locked_test,CHANGEPOINTCORP_03_08_2000-EX-10.6-LICENSE AND HOSTING AGREEMENT.PDF,95,Unlimited/All-You-Can-Eat-License,"The utilization rights of Customer are as follows:

         (a)  Customer is granted an unlimited number of Client Access Licenses.               Each Client Access License entitles Customer to receive one (1)               Enable Code from Changepoint which will enable Customer to have               one (1) user use the Licensed Materials.

         (b)  Customer may install Licensed Software on one or more computer               servers as it desires.",UAEL-1,"Does the license provide effectively unlimited use without clear scope, capacity, or fair-use boundaries?",Yes,,,,,,PENDING,TWO_STAGE_MODEL_REVIEW,
4fbd4b28a665a11f,locked_test,CHANGEPOINTCORP_03_08_2000-EX-10.6-LICENSE AND HOSTING AGREEMENT.PDF,97,Unlimited/All-You-Can-Eat-License,"Subject to the terms and conditions of this          Agreement, Changepoint hereby grants to Corio a fee-bearing,          irrevocable, nonexclusive, nontransferable (except in accordance with          Section 14.1 of this Agreement) license in the Territory to (i)          reproduce the Software in machine executable object code format only          for installation on the Corio Servers; (ii) install multiple copies of          the Software on Corio's Servers which will be made remotely accessible          to Corio's Customers for their internal business purposes, (iii) permit          limited access to and use of the Software by Customers through Corio          Servers solely for such Customer's internal business purposes; (iv)          sublicense an unlimited number of Customers to access and use the          Software only through the installation on Corio Servers solely for such          Customer's internal business purposes; and (v) use Changepoint's tools          and utilities, if any, subject to any restrictions placed on the          Changepoint by third party software providers and payment of any          applicable fees required by such third parties, to configure, integrate          and manage the Software.",UAEL-2,Is the commercial price or service model clearly aligned with the unlimited scope?,No / unclear,,,,,,PENDING,TWO_STAGE_MODEL_REVIEW,
0bbd54e9538a2fd3,locked_test,CHANGEPOINTCORP_03_08_2000-EX-10.6-LICENSE AND HOSTING AGREEMENT.PDF,96,Unlimited/All-You-Can-Eat-License,Customer is granted an unlimited number of Client Access Licenses.,UAEL-3,"Are abuse, extraordinary-volume, security, or termination controls absent?",Yes / unclear,,,,,,PENDING,TWO_STAGE_MODEL_REVIEW,
4627f1104694fa32,locked_test,"Loop Industries, Inc. - Marketing Agreement.PDF",1256,Uncapped Liability,"NOTWITHSTANDING THE FOREGOING, NONE OF THE FOREGOING LIMITATIONS OF LIABILITY SET FORTH IN THIS SECTION 3.1 SHALL BE AVAILABLE TO EITHER PARTY WITH RESPECT TO A BREACH OF SECTION 4, CONFIDENTIAL INFORMATION, OR FOR CLAIMS TO THE EXTENT THEY ARISE OUT OF A PARTY'S GROSS NEGLIGENCE, FRAUD, OR WILLFUL MISCONDUCT.",UNC-1,Is any liability described as unlimited or uncapped?,Yes (then classify scope in UNC-2 and UNC-3),,,,,,PENDING,TWO_STAGE_MODEL_REVIEW,
68c575f6f031504b,locked_test,RandWorldwideInc_20010402_8-KA_EX-10.2_2102464_EX-10.2_Co-Branding Agreement.pdf,445,Uncapped Liability,"EXCEPT FOR LIABILITY ARISING FROM SECTION 9.3  [Intellectual Property Infringement], IN NO EVENT SHALL EITHER PARTY BE LIABLE UNDER THIS AGREEMENT FOR AN AMOUNT GREATER THAN THE AMOUNT THAT SUCH PARTY HAS EARNED PURSUANT TO THE REVENUE SHARING PROVISIONS OF SECTION 5.4  [Share of Net Revenue] IN THE TWELVE MONTH PERIOD PRECEDING THE CLAIM.",UNC-2,Does uncapped liability apply to ordinary breach?,Yes,,,,,,PENDING,TWO_STAGE_MODEL_REVIEW,
9fe45f6c41cbf9a4,locked_test,CHANGEPOINTCORP_03_08_2000-EX-10.6-LICENSE AND HOSTING AGREEMENT.PDF,113,Uncapped Liability,"EXCEPT FOR LIABILITY ARISING UNDER SECTIONS 2.7, 8, 10 AND 12.3 OF THIS          AGREEMENT, IN NO EVENT SHALL EITHER PARTY'S LIABILITY ARISING OUT OF OR          RELATED TO THIS AGREEMENT OR THE USE OR PERFORMANCE OF THE SOFTWARE          EXCEED THE TOTAL AMOUNT ACTUALLY PAID BY CORIO HEREUNDER FOR THE          TRANSACTION WHICH THE LIABILITY RELATES TO DURING THE TWELVE (12)          MONTHS IMMEDIATELY PRIOR TO THE CAUSE OF<omitted>ACTION FIRST ARISING, EVEN IF IT IS A CONTINUOUS ONE, OR IN THE          AGGREGATE, WITH RESPECT OF ALL CLAIMS ARISING OUT OF OR RELATED TO          THIS AGREEMENT, THE TOTAL AMOUNT ACTUALLY PAID BY CORIO UNDER THIS          AGREEMENT TO CHANGEPOINT.",UNC-3,"Is uncapped liability limited to high-risk heads (IP, confidentiality, willful misconduct, fraud, indemnity)?",No — extends beyond those heads,,,,,,PENDING,TWO_STAGE_MODEL_REVIEW,
cba7648739e3cdb9,locked_test,"PACIRA PHARMACEUTICALS, INC. - A&R STRATEGIC LICENSING, DISTRIBUTION AND MARKETING AGREEMENT .PDF",1774,Uncapped Liability,"Any and all liability of EKR to PPI howsoever arising in respect of this Agreement, the Transition Services and Inventory Agreement or the Supply Agreement and their performance in contract tort or otherwise shall be limited (except for death or  personal injury caused by the negligence of EKR or its employees while acting in the course of their employment, and except in relation to  any specified payment, lump sum, milestone or royalty payment unpaid) to [**] US Dollars ($[**]); provided however that such limitation  shall not apply to the extent that PPI or any PPI Indemnified Party is required to pay in excess of such amount to a third party in respect of a  final judgment or order obtained by the third party.",UNC-4,Is the reviewing party's liability uncapped while the counterparty's liability is capped?,Yes,,,,,,PENDING,TWO_STAGE_MODEL_REVIEW,
e73179a67282543a,locked_test,RangeResourcesLouisianaInc_20150417_8-K_EX-10.5_9045501_EX-10.5_Transportation Agreement.pdf,1487,Volume Restriction,Carrier is not required to allocate more than two percent (2%) of the Available Capacity to any individual New Shipper.,VOL-1,"Are minimums, maximums, or volume ceilings clearly stated and objectively measurable?",No / unclear,,,,,,PENDING,TWO_STAGE_MODEL_REVIEW,
eef1b19862268b33,locked_test,CHANGEPOINTCORP_03_08_2000-EX-10.6-LICENSE AND HOSTING AGREEMENT.PDF,77,Volume Restriction,"Corio shall not demonstrate the Software to any          one Customer for more than sixty (60) days from the start of that          Customer demonstration, and Corio shall not demonstrate the Software to          more than ten (10) Software Users at any one time.",VOL-2,Could a volume restriction prevent expected business use or create material supply/service interruption risk?,Yes,,,,,,PENDING,TWO_STAGE_MODEL_REVIEW,
747fd68a7bad3457,locked_test,ENTERPRISEPRODUCTSPARTNERSLP_07_08_1998-EX-10.3-TRANSPORTATION CONTRACT.PDF,684,Volume Restriction,A charge of $12.50    per half hour or fractional part thereof shall apply for all time consumed in    excess of free time allowed for loading when due to delays caused by Shipper    or Consignor and beyond Carrier's control.,VOL-3,"Are forecasting, overflow, repricing, relief, or adjustment mechanisms defined?",No / unclear,,,,,,PENDING,TWO_STAGE_MODEL_REVIEW,
0d4cd147db464467,locked_test,CHANGEPOINTCORP_03_08_2000-EX-10.6-LICENSE AND HOSTING AGREEMENT.PDF,128,Warranty Duration,Changepoint will replace          any defective media returned to Changepoint during the Warranty Period.,WAR-1,Are material warranties disclaimed (for example 'as is') without meaningful remedies?,Yes,,,,,,PENDING,TWO_STAGE_MODEL_REVIEW,
da90f3834f97bafb,locked_test,CHANGEPOINTCORP_03_08_2000-EX-10.6-LICENSE AND HOSTING AGREEMENT.PDF,127,Warranty Duration,"Changepoint warrants that the Software will perform          in substantial accordance with the Documentation, and the media on          which the Software is distributed will be free from defects in          materials and workmanship under normal use, for a period of one hundred          twenty (120) days after delivery of the Software to Corio for          Acceptance Testing (the ""Warranty Period"").",WAR-2,Is warranty duration stated and practical?,Missing or unreasonably short,,,,,,PENDING,TWO_STAGE_MODEL_REVIEW,
880b5ecdf21555b4,locked_test,"PACIRA PHARMACEUTICALS, INC. - A&R STRATEGIC LICENSING, DISTRIBUTION AND MARKETING AGREEMENT .PDF",1745,Joint Ip Ownership,"Joint Improvements  shall be owned jointly by the Parties, and PPI's interest therein shall be licensed to EKR hereunder.",JIPO-3,"Are exit, termination, or dispute consequences for jointly owned IP unclear?",Yes / unclear,,,,,,PENDING,TWO_STAGE_MODEL_REVIEW,
81e81e661ea5692e,locked_test,AURASYSTEMSINC_06_16_2010-EX-10.25-STRATEGIC ALLIANCE AGREEMENT.PDF,2533,Non-Compete,"Any such agreement









  reached between Zanotti and Aura regarding such worldwide sales and marketing shall prohibit competition among Zanotti and Aura with regard  to AETRU Systems and shall be memorized in a separate agreement between the Parties.",NC-2,Is there a meaningful exception or carve-out for ordinary business?,No,,,,,,PENDING,TWO_STAGE_MODEL_REVIEW,
d19ef6c173419edb,locked_test,CHANGEPOINTCORP_03_08_2000-EX-10.6-LICENSE AND HOSTING AGREEMENT.PDF,107,Source Code Escrow,"Corio          shall bear all fees, expenses and other charges to open and maintain          such escrow account.",ESC-1,Is the licensed software business-critical with no escrow or equivalent continuity path?,Yes,,,,,,PENDING,TWO_STAGE_MODEL_REVIEW,
de157f9c89ef0ef7,locked_test,MOELIS&CO_03_24_2014-EX-10.19-STRATEGIC ALLIANCE AGREEMENT.PDF,492,Cap On Liability,"and provided, further, however, that in no event shall the liability for indemnity of any SMBC Unit-Holder under this Section 13.9(b) exceed the dollar amount of the proceeds (net of any underwriting discount or commission or other selling expenses) received by such SMBC Unit-Holder from the sale of the Registrable Securities giving rise to such indemnification.",LOL-1,Is there no express monetary or fee-based liability cap?,Yes,,,,,,PENDING,TWO_STAGE_MODEL_REVIEW,
a324f7dd5d0a0be6,locked_test,BIOCEPTINC_08_19_2013-EX-10-COLLABORATION AGREEMENT.PDF,1005,License Grant,"To the extent that either party owns Intellectual Property Rights to specific biomarkers, targets, kits, dyes or technology utilized in the Assay other than for the capture and detection of CTCs, it will, to the extent it is able, grant during the Term of the Agreement, a non-exclusive license to the other party to practice these Intellectual Property Rights for the Assay.",LIC-1,"Are field, territory, and purpose of the license clear?",Unclear or missing,,,,,,PENDING,TWO_STAGE_MODEL_REVIEW,
75c30f103266c7e6,locked_test,RandWorldwideInc_20010402_8-KA_EX-10.2_2102464_EX-10.2_Co-Branding Agreement.pdf,439,Joint Ip Ownership,The parties hereby acknowledge and agree that any and all rights to Know-How developed or shared under this Agreement by either party shall be jointly owned by the parties and may be used by either party in the operation of their respective businesses during and following termination of this Agreement.,JIPO-2,"Are licensing, exploitation, enforcement, registration, and cost responsibilities for joint IP addressed?",No / unclear,,,,,,PENDING,TWO_STAGE_MODEL_REVIEW,
d9fd77d37ba2cd1d,locked_test,MOSSIMOINC_04_14_2000-EX-10.14-ENDORSEMENT AGREEMENT.PDF,304,Liquidated Damages,Any unearned Additional License Fee is fully                 &bbsp; refundable and due Company no later then January 31st of the                   following year.,LD-1,Does the amount appear to be a reasonable pre-estimate of loss rather than a penalty?,Looks punitive or arbitrary,,,,,,PENDING,TWO_STAGE_MODEL_REVIEW,
344a454ec6a0d1df,locked_test,HealthcentralCom_19991108_S-1A_EX-10.27_6623292_EX-10.27_Co-Branding Agreement.pdf,1596,License Grant,"During the Term of this Agreement MLX shall:<omitted>c)   grant to HCI, a non-exclusive and non-transferable right to use MediaLinx      images and certain content contained in the HealthyWay web site (the      ""Sympatico Content"") for the sole purpose of satisfying the requirements of      this Agreement. MediaLinx shall retain all right, title to and interest in      the Sympatico Content;

d)   grant to HCI, to the extent that HCI requires access to MLX logos and      trademarks (collectively ""MLX Marks"") the use of certain MLX Marks as      necessary for the purposes of fulfilling its obligations under this      Agreement.",LIC-3,Are sublicense or affiliate rights missing when the deal needs them?,Yes,,,,,,PENDING,TWO_STAGE_MODEL_REVIEW,
e0c30b589c3051b1,locked_test,XYBERNAUTCORP_07_12_2002-EX-4-SPONSORSHIP AGREEMENT.PDF,1042,Non-Disparagement,"AJR shall not take any action or suffer any action to occur, whether taken by the Team or others,  which could result in an adverse impact on XC, its Licensed Materials and the goodwill associated  therewith as a result of this Agreement.",NDS-2,"Is the restriction mutual and subject to appropriate legal, regulatory, or truthful-reporting exceptions?",No / unclear,,,,,,PENDING,TWO_STAGE_MODEL_REVIEW,
a3a478bb16c8b793,locked_test,HYDRONTECHNOLOGIESINC_03_31_1997-EX-10.47-SPONSORSHIP AGREEMENT.PDF,1068,Covenant Not To Sue,"The Dolphins and Hydron further agree that they will not at any time do or cause to be done any act or thing, directly or indirectly, which contests or in any way impairs or tends to impair any part of the right, title and interest of the other in its Marks; and the Dolphins and Hydron shall not, in any manner, represent that it has any ownership interest in the other's Marks or the registrations therefor.",CNTS-1,Does the covenant restrict claims or enforcement rights more broadly than the commercial arrangement requires?,Yes,,,,,,PENDING,TWO_STAGE_MODEL_REVIEW,
55dc7ad13d45554b,locked_test,DRKOOPCOMINC_04_21_1999-EX-10.28-SPONSORSHIP AGREEMENT.PDF,319,Governing Law,"This Agreement shall be construed and enforced in accordance with the laws of the State of Delaware, but without giving effect to its laws or rules relating to conflicts of laws.",GOV-1,Is governing law stated?,No,,,,,,PENDING,TWO_STAGE_MODEL_REVIEW,
461fc43ff701c636,locked_test,CHANGEPOINTCORP_03_08_2000-EX-10.6-LICENSE AND HOSTING AGREEMENT.PDF,101,Irrevocable Or Perpetual License,"Subject to the terms and conditions of this          Agreement, Changepoint hereby grants to Corio a fee-bearing,          irrevocable, nonexclusive, nontransferable (except in accordance with          Section 14.1 of this Agreement) license in the Territory to (i)          reproduce the Software in machine executable object code format only          for installation on the Corio Servers; (ii) install multiple copies of          the Software on Corio's Servers which will be made remotely accessible          to Corio's Customers for their internal business purposes, (iii) permit          limited access to and use of the Software by Customers through Corio          Servers solely for such Customer's internal business purposes; (iv)          sublicense an unlimited number of Customers to access and use the          Software only through the installation on Corio Servers solely for such          Customer's internal business purposes; and (v) use Changepoint's tools          and utilities, if any, subject to any restrictions placed on the          Changepoint by third party software providers and payment of any          applicable fees required by such third parties, to configure, integrate          and manage the Software.",IPL-1,Is the license described as irrevocable or perpetual?,Present — then check IPL-2 and IPL-3,,,,,,PENDING,TWO_STAGE_MODEL_REVIEW,
e88d687751276c8e,locked_test,KINGPHARMACEUTICALSINC_08_09_2006-EX-10.1-PROMOTION AGREEMENT.PDF,2444,Covenant Not To Sue,"King acknowledges and agrees that it shall not acquire and shall not claim any title to the Depomed Trademarks adverse to Depomed by virtue of the rights granted under this Agreement or through King's use of the Depomed Trademarks, it being the intention of the parties that all goodwill and improved reputation generated by King and use of the Depomed Trademarks shall inure to the benefit of Depomed.",CNTS-2,"Are the covered claims, parties, duration, and exceptions clearly bounded?",No / unclear,,,,,,PENDING,TWO_STAGE_MODEL_REVIEW,
e9c0224e4a3f75bc,locked_test,XpresspaGroupInc_20190401_10-K_EX-10.28_11599457_EX-10.28_Marketing Agreement.pdf,2052,Change Of Control,"Subject to the foregoing, this Agreement shall be binding upon and inure to the benefit of the Parties hereto and their respective permitted successors and assigns; provided, however, Calm may, without the prior written consent of XSPA, assign or otherwise transfer its rights and obligations to an affiliate of Calm or the acquirer of all or substantially all of the assets of Calm; provided, however, that the prior written consent of XSPA shall be required in connection with the assignment to an acquirer of all or substantially all of the assets of Calm if such acquirer's primary business is an airport-based provider of spa services.",COC-1,What happens on a change of control?,Automatic termination or harsh adverse effect,,,,,,PENDING,TWO_STAGE_MODEL_REVIEW,
d38e352d2f50dfdc,locked_test,"PACIRA PHARMACEUTICALS, INC. - A&R STRATEGIC LICENSING, DISTRIBUTION AND MARKETING AGREEMENT .PDF",1745,Joint Ip Ownership,"Joint Improvements  shall be owned jointly by the Parties, and PPI's interest therein shall be licensed to EKR hereunder.",JIPO-1,Are ownership shares or ownership rights for jointly created IP clearly defined?,No / unclear,,,,,,PENDING,TWO_STAGE_MODEL_REVIEW,
d4dce97756ab5d50,locked_test,VerizonAbsLlc_20200123_8-K_EX-10.4_11952335_EX-10.4_Service Agreement.pdf,1121,Audit Rights,Any access or review will be conducted at the Custodian's offices during normal business hours at a time reasonably convenient to the Custodian in a manner that will minimize disruption of its business operations.,AUD-1,Are audit rights one-sided in a way that creates undue burden or data exposure for the reviewing party?,Yes,,,,,,PENDING,TWO_STAGE_MODEL_REVIEW,
7e3d912869728cb1,locked_test,RareElementResourcesLtd_20171019_SC 13D_EX-99.4_10897534_EX-99.4_Intellectual Property Agreement.pdf,776,Affiliate License-Licensee,"Such rights to Investor Improvements shall be solely for use by the Company and its Affiliates and shall not be transferable to any Third Party, except in connection with a merger, consolidation, or the sale or transfer of substantially all of Company's assets associated with performance under this IP Agreement.",AFFLS-1,Are the affiliates permitted to use the licensed rights clearly identified or objectively determinable?,No / unclear,,,,,,PENDING,TWO_STAGE_MODEL_REVIEW,
ab7faefa0069f4a1,locked_test,"PACIRA PHARMACEUTICALS, INC. - A&R STRATEGIC LICENSING, DISTRIBUTION AND MARKETING AGREEMENT .PDF",1743,Ip Ownership Assignment,"Upon termination of this Agreement for any reason except by EKR pursuant to Section 16.1(a), EKR shall promptly transfer the Transferred NDA and related regulatory documentation to PPI in accordance with Section 17.1(e).",IP-3,Does the clause assign the customer's pre-existing IP or data to the vendor?,Yes,,,,,,PENDING,TWO_STAGE_MODEL_REVIEW,
854bf007485de809,locked_test,HYDRONTECHNOLOGIESINC_03_31_1997-EX-10.47-SPONSORSHIP AGREEMENT.PDF,1068,Covenant Not To Sue,"The Dolphins and Hydron further agree that they will not at any time do or cause to be done any act or thing, directly or indirectly, which contests or in any way impairs or tends to impair any part of the right, title and interest of the other in its Marks; and the Dolphins and Hydron shall not, in any manner, represent that it has any ownership interest in the other's Marks or the registrations therefor.",CNTS-3,Is the covenant materially one-sided or broader than any reciprocal protection?,Yes,,,,,,PENDING,TWO_STAGE_MODEL_REVIEW,
f25deba87397d6e4,locked_test,RareElementResourcesLtd_20171019_SC 13D_EX-99.4_10897534_EX-99.4_Intellectual Property Agreement.pdf,758,Exclusivity,"If the Option is exercised before the expiration of the Option Period, the license grants set forth in Articles 3.00 and 3.01 will become exclusive to Investor for a perpetual term, shall not be subject to a licensing fee, the granted licenses in favor of the Investor shall be deemed fully paid-up, and the rights granted to Investor under Articles 3.00 and 3.01 shall include the right to grant sublicenses to Third Parties.",EXC-1,Is exclusivity granted without performance obligations or exit rights?,Yes,,,,,,PENDING,TWO_STAGE_MODEL_REVIEW,
2e7d3cd732e59be9,locked_test,CHANGEPOINTCORP_03_08_2000-EX-10.6-LICENSE AND HOSTING AGREEMENT.PDF,66,Notice Period To Terminate Renewal,"Thereafter, this Agreement shall automatically renew for subsequent one          (1) year periods unless either party provides the other party with          written notification at least thirty (30) days prior to the expiration          of the initial five (5) year term or any one (1) year renewal thereof          of its intention to terminate this Agreement.",NOT-2,Can the deadline be calculated clearly from the renewal or term dates?,No,,,,,,PENDING,TWO_STAGE_MODEL_REVIEW,
120c140f3b54bccb,locked_test,DOMINIADVISORTRUST_02_18_2005-EX-99.(H)(2)-SPONSORSHIP AGREEMENT.PDF,964,Cap On Liability,Limitation of Liability of the Sponsor.,LOL-5,Is the exclusion of consequential or indirect damages one-sided against the reviewing party?,Yes,,,,,,PENDING,TWO_STAGE_MODEL_REVIEW,
56bcfc20717141d5,locked_test,RandWorldwideInc_20010402_8-KA_EX-10.2_2102464_EX-10.2_Co-Branding Agreement.pdf,433,Change Of Control,"In the event there is a change of Control of an Affiliate which terminates its status as an Affiliate of the party to this Agreement, and this Agreement has been assigned to such an Affiliate, this Agreement must be assigned back to the party within 6 months of the effective date of the change of Control.",COC-2,Is the same corporate event treated inconsistently versus the anti-assignment clause?,Yes,,,,,,PENDING,TWO_STAGE_MODEL_REVIEW,
0151abb0a758063f,locked_test,"INTERSECTENT,INC_05_11_2020-EX-10.1-SUPPLY AGREEMENT.PDF",2462,Insurance,"During the term of this Agreement and for a period [*] after any expiration or termination of this Agreement, each of INTERSECT and HOVIONE shall maintain in full force and effect a comprehensive general liability insurance policy, including Products Liability coverage, with minimum limits of [*] for bodily injury including death.",INS-1,Are insurance requirements stated where the activity creates material risk?,No,,,,,,PENDING,TWO_STAGE_MODEL_REVIEW,
19a1b8f0cf4cf7a9,locked_test,KINGPHARMACEUTICALSINC_08_09_2006-EX-10.1-PROMOTION AGREEMENT.PDF,2419,License Grant,"Depomed shall, and does hereby, grant to King a royalty-free license to use and reproduce such materials solely in conjunction with its Promotion of the Product pursuant to this Agreement, which license shall not be assignable or transferable by King, except in accordance with the terms of Section 2.2.",LIC-2,Is the license broader than the commercial deal requires?,Yes,,,,,,PENDING,TWO_STAGE_MODEL_REVIEW,
