sample_id,annotation_partition,document_id,clause_index,clause_type,clause_text,check_id,question,flag_if,silver_risk,silver_risk_type,silver_severity,silver_evidence,silver_confidence,silver_status,adjudication_method,judge_model,verifier_model,notes
216d974108f5977d,locked_test,RandWorldwideInc_20010402_8-KA_EX-10.2_2102464_EX-10.2_Co-Branding Agreement.pdf,435,Anti-Assignment,"This Agreement may be assigned or otherwise transferred, by operation of law or otherwise without the express written consent of PlanetCAD and Dassault Systemes, but in such event the assigning Party shall give notice to the non-assigning Party and the non-assigning Party shall have the right to terminate this Agreement within the 30-day period following receipt of such notice.",AA-1,Is assignment restricted?,Yes — evaluate consent standard,UNCERTAIN,,,,LOW,MACHINE_AGREED_UNCERTAIN,LLAMA3.1_GEMMA3_TWO_MODEL_CONSENSUS,llama3.1:8b,gemma3:12b,
39b952e24cdc3e35,locked_test,SFGFINANCIALCORP_05_12_2009-EX-10.1-SOFTWARE LICENSE AND MAINTENANCE AGREEMENT.PDF,1319,Anti-Assignment,"Licensee agrees it shall not exchange, lease, sublease, distribute, assign, sell or otherwise transfer in any manner any right and/or interest  incident to the License Technology to any third party under any circumstances, without the prior written consent of the Licensor.",AA-2,What is the consent standard?,"Absolute ban, or consent with no reasonableness limit",UNCERTAIN,,,,LOW,MACHINE_AGREED_UNCERTAIN,LLAMA3.1_GEMMA3_TWO_MODEL_CONSENSUS,llama3.1:8b,gemma3:12b,
dc07063b55b9211f,locked_test,ReynoldsConsumerProductsInc_20191115_S-1_EX-10.18_11896469_EX-10.18_Supply Agreement.pdf,543,Anti-Assignment,"This Agreement, its rights and obligations, is not assignable or transferable by either Party, in whole or in part, except with the prior written consent of the other Party, which consent will not be unreasonably withheld, conditioned or delayed.",AA-3,"Are there exceptions for affiliates, M&A, or financing?",None,UNCERTAIN,,,,LOW,MACHINE_DISAGREEMENT,LLAMA3.1_GEMMA3_TWO_MODEL_CONSENSUS,llama3.1:8b,gemma3:12b,
687086efd6b79a9a,locked_test,ArconicRolledProductsCorp_20191217_10-12B_EX-2.7_11923804_EX-2.7_Trademark License Agreement.pdf,947,Affiliate License-Licensor,"Licensor on behalf of itself and its Affliates hereby grants to Licensee the limited licenses to use and have used the Licensed Mark: (i) for the Licensed Products as set forth on Schedule 2; and (ii) as set forth on Schedule 1, concerning agreements entered into by Licensee prior to the Effective Date (""Existing Agreements""). For the avoidance of doubt, Licensor also grants to Licensee and its subsidiaries and affiliates a non-exclusive, worldwide royalty-free license for continued use of the Licensed Mark for the production and sale of inventory containing the Licensed Mark applied to such products during the Transition Period as set forth in section 8.2 of the Separation and Distribution Agreement and in Schedule 2 of this Agreement.",AFFLR-1,Is the affiliate that owns or controls the licensed IP clearly identified or its authority established?,No / unclear,UNCERTAIN,,,,LOW,MACHINE_AGREED_UNCERTAIN,LLAMA3.1_GEMMA3_TWO_MODEL_CONSENSUS,llama3.1:8b,gemma3:12b,
ffa5f5170a333c3a,locked_test,ArconicRolledProductsCorp_20191217_10-12B_EX-2.7_11923804_EX-2.7_Trademark License Agreement.pdf,947,Affiliate License-Licensor,"Licensor on behalf of itself and its Affliates hereby grants to Licensee the limited licenses to use and have used the Licensed Mark: (i) for the Licensed Products as set forth on Schedule 2; and (ii) as set forth on Schedule 1, concerning agreements entered into by Licensee prior to the Effective Date (""Existing Agreements""). For the avoidance of doubt, Licensor also grants to Licensee and its subsidiaries and affiliates a non-exclusive, worldwide royalty-free license for continued use of the Licensed Mark for the production and sale of inventory containing the Licensed Mark applied to such products during the Transition Period as set forth in section 8.2 of the Separation and Distribution Agreement and in Schedule 2 of this Agreement.",AFFLR-2,Does the agreement clearly connect the affiliate-owned IP to the granted license and applicable obligations?,No / unclear,UNCERTAIN,,,,LOW,MACHINE_AGREED_UNCERTAIN,LLAMA3.1_GEMMA3_TWO_MODEL_CONSENSUS,llama3.1:8b,gemma3:12b,
6b8f0cd5d8007e54,locked_test,ArconicRolledProductsCorp_20191217_10-12B_EX-2.7_11923804_EX-2.7_Trademark License Agreement.pdf,947,Affiliate License-Licensor,"Licensor on behalf of itself and its Affliates hereby grants to Licensee the limited licenses to use and have used the Licensed Mark: (i) for the Licensed Products as set forth on Schedule 2; and (ii) as set forth on Schedule 1, concerning agreements entered into by Licensee prior to the Effective Date (""Existing Agreements""). For the avoidance of doubt, Licensor also grants to Licensee and its subsidiaries and affiliates a non-exclusive, worldwide royalty-free license for continued use of the Licensed Mark for the production and sale of inventory containing the Licensed Mark applied to such products during the Transition Period as set forth in section 8.2 of the Separation and Distribution Agreement and in Schedule 2 of this Agreement.",AFFLR-3,Is there a material continuity or enforcement gap if the affiliate is not a party to the main agreement?,Yes / possible,UNCERTAIN,,,,LOW,MACHINE_AGREED_UNCERTAIN,LLAMA3.1_GEMMA3_TWO_MODEL_CONSENSUS,llama3.1:8b,gemma3:12b,
9b7e7248d7921016,locked_test,KINGPHARMACEUTICALSINC_08_09_2006-EX-10.1-PROMOTION AGREEMENT.PDF,2423,Affiliate License-Licensee,"During the Term, subject to the terms and conditions of this Agreement, Depomed hereby grants to King and its Affiliates and King and its Affiliates hereby accept a co-exclusive right to Promote the Product under the Depomed Trademarks in the Territory together with Depomed and its Affiliates only, on the terms and subject to the conditions set forth herein.",AFFLS-1,Are the affiliates permitted to use the licensed rights clearly identified or objectively determinable?,No / unclear,UNCERTAIN,,,,LOW,MACHINE_DISAGREEMENT,LLAMA3.1_GEMMA3_TWO_MODEL_CONSENSUS,llama3.1:8b,gemma3:12b,
d15fe4a2484b84cc,locked_test,BizzingoInc_20120322_8-K_EX-10.17_7504499_EX-10.17_Endorsement Agreement.pdf,2187,Affiliate License-Licensee,"Subject to the terms and conditions set forth herein, Theismann hereby grants to Bizzingo and its affiliates the unlimited  right and privilege during the Term (as defined herein) and within the Territory to use the Property (as defined herein) in connection with the  advertisement, promotion, and sale of the Network in the Territory whether through film, television, radio, print and Internet media, including the right to use  the Property in or on the Network",AFFLS-2,"Are affiliate use rights bounded by the same field, territory, purpose, duration, and security obligations as the main license?",No / unclear,UNCERTAIN,,,,LOW,MACHINE_DISAGREEMENT,LLAMA3.1_GEMMA3_TWO_MODEL_CONSENSUS,llama3.1:8b,gemma3:12b,
83f23fbb45c01ddc,locked_test,KINGPHARMACEUTICALSINC_08_09_2006-EX-10.1-PROMOTION AGREEMENT.PDF,2423,Affiliate License-Licensee,"During the Term, subject to the terms and conditions of this Agreement, Depomed hereby grants to King and its Affiliates and King and its Affiliates hereby accept a co-exclusive right to Promote the Product under the Depomed Trademarks in the Territory together with Depomed and its Affiliates only, on the terms and subject to the conditions set forth herein.",AFFLS-3,Could affiliate use materially expand the commercial scope or exposure without corresponding controls?,Yes,UNCERTAIN,,,,LOW,MACHINE_DISAGREEMENT,LLAMA3.1_GEMMA3_TWO_MODEL_CONSENSUS,llama3.1:8b,gemma3:12b,
27ca5e94bd96c777,locked_test,XpresspaGroupInc_20190401_10-K_EX-10.28_11599457_EX-10.28_Marketing Agreement.pdf,2069,Audit Rights,"Upon receipt of such information, Calm shall have thirty (30) days (the ""Calm Review Period"") to review the Calm Audit Results.",AUD-1,Are audit rights one-sided in a way that creates undue burden or data exposure for the reviewing party?,Yes,NO,,,,HIGH,MACHINE_AGREED,LLAMA3.1_GEMMA3_TWO_MODEL_CONSENSUS,llama3.1:8b,gemma3:12b,
7bc9a67c8c205902,locked_test,KINGPHARMACEUTICALSINC_08_09_2006-EX-10.1-PROMOTION AGREEMENT.PDF,2433,Audit Rights,"The audit will be conducted during normal business hours, at convenient times.",AUD-2,"Are notice, frequency, and confidentiality protections for audits stated?",No,UNCERTAIN,,,,LOW,MACHINE_AGREED_UNCERTAIN,LLAMA3.1_GEMMA3_TWO_MODEL_CONSENSUS,llama3.1:8b,gemma3:12b,
dff81e370b0f817f,locked_test,KINGPHARMACEUTICALSINC_08_09_2006-EX-10.1-PROMOTION AGREEMENT.PDF,2443,Covenant Not To Sue,"Depomed recognizes King's title to the King Trademarks, and shall not at any time, during or after the Term, do or knowingly suffer to be done any act or thing which will in any way impair the rights of King in or to the King Trademarks.",CNTS-1,Does the covenant restrict claims or enforcement rights more broadly than the commercial arrangement requires?,Yes,UNCERTAIN,,,,LOW,MACHINE_DISAGREEMENT,LLAMA3.1_GEMMA3_TWO_MODEL_CONSENSUS,llama3.1:8b,gemma3:12b,
