clause_type,check_id,risk_domain,risk_subdomain,risk_type,perspective,question,flag_if,do_not_flag_if,required_evidence,evidence_location,dependencies,jurisdiction_scope,sources,version,rationale
Anti-Assignment,AA-1,Assignment / Control Risk,,,customer_buyer,Is assignment restricted?,Yes — evaluate consent standard,[],"[""Relevant contract text supporting the finding""]",clause,[],"[""unspecified""]","[""P5""]",1.0,
Anti-Assignment,AA-2,Assignment / Control Risk,,,customer_buyer,What is the consent standard?,"Absolute ban, or consent with no reasonableness limit",[],"[""Relevant contract text supporting the finding""]",clause,[],"[""unspecified""]","[""P5""]",1.0,
Anti-Assignment,AA-3,Assignment / Control Risk,,,customer_buyer,"Are there exceptions for affiliates, M&A, or financing?",None,[],"[""Relevant contract text supporting the finding""]",clause,[],"[""unspecified""]","[""P5""]",1.0,
Audit Rights,AUD-1,Compliance Risk,,,customer_buyer,Are audit rights one-sided in a way that creates undue burden or data exposure for the reviewing party?,Yes,[],"[""Relevant contract text supporting the finding""]",clause,[],"[""unspecified""]","[""P5"",""P6""]",1.0,
Audit Rights,AUD-2,Compliance Risk,,,customer_buyer,"Are notice, frequency, and confidentiality protections for audits stated?",No,[],"[""Relevant contract text supporting the finding""]",clause,[],"[""unspecified""]","[""P5""]",1.0,
Cap On Liability,LOL-1,Liability Risk,,,customer_buyer,Is there no express monetary or fee-based liability cap?,Yes,[],"[""Relevant contract text supporting the finding""]",clause,[],"[""unspecified""]","[""P1"",""P2"",""P3""]",1.0,
Cap On Liability,LOL-2,Liability Risk,,,customer_buyer,Is the cap mutual?,One-sided protecting only the counterparty,[],"[""Relevant contract text supporting the finding""]",clause,[],"[""unspecified""]","[""P2"",""P3""]",1.0,
Cap On Liability,LOL-3,Liability Risk,,,customer_buyer,Is the liability cap nominal or very low relative to deal value or exposure?,Yes,[],"[""Relevant contract text supporting the finding""]",clause,[],"[""unspecified""]","[""P2"",""P3""]",1.0,
Cap On Liability,LOL-4,Liability Risk,,,customer_buyer,"Are high-risk heads missing from the liability-cap carve-outs (for example IP, confidentiality/data, fraud, willful misconduct, gross negligence)?",Yes,[],"[""Relevant contract text supporting the finding""]",clause,[],"[""unspecified""]","[""P2"",""P3""]",1.0,
Cap On Liability,LOL-5,Liability Risk,,,customer_buyer,Is the exclusion of consequential or indirect damages one-sided against the reviewing party?,Yes,"[""The exclusion applies reciprocally to both parties, such as language stating 'neither party' or equivalent mutual treatment.""]","[""Relevant contract text supporting the finding""]",clause,[],"[""unspecified""]","[""P2"",""P5""]",1.0,
Change Of Control,COC-1,Assignment / Control Risk,,,customer_buyer,What happens on a change of control?,Automatic termination or harsh adverse effect,[],"[""Relevant contract text supporting the finding""]",clause,[],"[""unspecified""]","[""P5""]",1.0,
Change Of Control,COC-2,Assignment / Control Risk,,,customer_buyer,Is the same corporate event treated inconsistently versus the anti-assignment clause?,Yes,[],"[""Relevant contract text supporting the finding""]",clause,[],"[""unspecified""]","[""P4"",""P5""]",1.0,
Exclusivity,EXC-1,Commercial Risk,,,customer_buyer,Is exclusivity granted without performance obligations or exit rights?,Yes,[],"[""Relevant contract text supporting the finding""]",clause,[],"[""unspecified""]","[""P5""]",1.0,
Exclusivity,EXC-2,Commercial Risk,,,customer_buyer,Do exceptions hollow out the exclusivity or make it one-sided against the reviewing party?,Yes,[],"[""Relevant contract text supporting the finding""]",clause,[],"[""unspecified""]","[""P5""]",1.0,
Governing Law,GOV-1,Dispute Resolution Risk,,,customer_buyer,Is governing law stated?,No,[],"[""Relevant contract text supporting the finding""]",clause,[],"[""unspecified""]","[""P5""]",1.0,
Governing Law,GOV-2,Dispute Resolution Risk,,,customer_buyer,Is the forum or dispute mechanism consistent with the governing law?,Missing or inconsistent,[],"[""Relevant contract text supporting the finding""]",clause,[],"[""unspecified""]","[""P5"",""P6""]",1.0,
Insurance,INS-1,Insurance Risk,,,customer_buyer,Are insurance requirements stated where the activity creates material risk?,No,[],"[""Relevant contract text supporting the finding""]",clause,[],"[""unspecified""]","[""P2"",""P6""]",1.0,
Insurance,INS-2,Insurance Risk,,,customer_buyer,Are required limits aligned with residual liability exposure?,Limits far below exposure,[],"[""Relevant contract text supporting the finding""]",clause,[],"[""unspecified""]","[""P2"",""P6""]",1.0,
Ip Ownership Assignment,IP-1,Intellectual Property Risk,,,customer_buyer,Who owns newly created or deliverable IP?,"Vendor owns IP the customer paid to create, without clear license-back",[],"[""Relevant contract text supporting the finding""]",clause,[],"[""unspecified""]","[""P1"",""P5""]",1.0,
Ip Ownership Assignment,IP-2,Intellectual Property Risk,,,customer_buyer,Is assignment language present-tense (for example 'hereby assigns') rather than only future ('will assign')?,Future-tense only,[],"[""Relevant contract text supporting the finding""]",clause,[],"[""unspecified""]","[""P4"",""P5""]",1.0,
Ip Ownership Assignment,IP-3,Intellectual Property Risk,,,customer_buyer,Does the clause assign the customer's pre-existing IP or data to the vendor?,Yes,[],"[""Relevant contract text supporting the finding""]",clause,[],"[""unspecified""]","[""P5""]",1.0,
Ip Ownership Assignment,IP-4,Intellectual Property Risk,,,customer_buyer,Is each party's background IP clearly retained?,No,[],"[""Relevant contract text supporting the finding""]",clause,[],"[""unspecified""]","[""P5""]",1.0,
Irrevocable Or Perpetual License,IPL-1,Intellectual Property Risk,,,customer_buyer,Is the license described as irrevocable or perpetual?,Present — then check IPL-2 and IPL-3,[],"[""Relevant contract text supporting the finding""]",clause,[],"[""unspecified""]","[""P5""]",1.0,
Irrevocable Or Perpetual License,IPL-2,Intellectual Property Risk,,,customer_buyer,Can the supplier still terminate the license for convenience or minor breach?,Yes,[],"[""Relevant contract text supporting the finding""]",clause,[],"[""unspecified""]","[""P4"",""P5""]",1.0,
Irrevocable Or Perpetual License,IPL-3,Intellectual Property Risk,,,customer_buyer,Did the reviewing party grant an irrevocable or perpetual license it did not intend?,Yes,[],"[""Relevant contract text supporting the finding""]",clause,[],"[""unspecified""]","[""P5""]",1.0,
License Grant,LIC-1,Intellectual Property Risk,,,customer_buyer,"Are field, territory, and purpose of the license clear?",Unclear or missing,[],"[""Relevant contract text supporting the finding""]",clause,[],"[""unspecified""]","[""P4"",""P5""]",1.0,
License Grant,LIC-2,Intellectual Property Risk,,,customer_buyer,Is the license broader than the commercial deal requires?,Yes,[],"[""Relevant contract text supporting the finding""]",clause,[],"[""unspecified""]","[""P5""]",1.0,
License Grant,LIC-3,Intellectual Property Risk,,,customer_buyer,Are sublicense or affiliate rights missing when the deal needs them?,Yes,[],"[""Relevant contract text supporting the finding""]",clause,[],"[""unspecified""]","[""P5""]",1.0,
Liquidated Damages,LD-1,Financial Risk,,,customer_buyer,Does the amount appear to be a reasonable pre-estimate of loss rather than a penalty?,Looks punitive or arbitrary,[],"[""Relevant contract text supporting the finding""]",clause,[],"[""unspecified""]","[""P5"",""P7""]",1.0,
Liquidated Damages,LD-2,Financial Risk,,,customer_buyer,Is the relationship between liquidated damages and the liability cap stated?,Silent or conflicting,[],"[""Relevant contract text supporting the finding""]",clause,[],"[""unspecified""]","[""P2"",""P4""]",1.0,
Minimum Commitment,MIN-1,Commercial Risk,,,customer_buyer,Is there a minimum purchase or take-or-pay obligation?,Yes — check relief terms,[],"[""Relevant contract text supporting the finding""]",clause,[],"[""unspecified""]","[""P5"",""P6""]",1.0,
Minimum Commitment,MIN-2,Commercial Risk,,,customer_buyer,Is there relief if goods or services are not delivered or are unusable?,No,[],"[""Relevant contract text supporting the finding""]",clause,[],"[""unspecified""]","[""P5"",""P6""]",1.0,
Most Favored Nation,MFN-1,Commercial Risk,,,customer_buyer,"Is MFN scope (price, terms, customers, territory) clear?",Unclear,[],"[""Relevant contract text supporting the finding""]",clause,[],"[""unspecified""]","[""P4"",""P5""]",1.0,
Most Favored Nation,MFN-2,Commercial Risk,,,customer_buyer,Does MFN conflict with other price or discount restrictions in the contract?,Yes,[],"[""Relevant contract text supporting the finding""]",clause,[],"[""unspecified""]","[""P4"",""P5""]",1.0,
Non-Compete,NC-1,Commercial Risk,,,customer_buyer,"Are scope, geography, and duration reasonable?",Over-broad or excessively long,[],"[""Relevant contract text supporting the finding""]",clause,[],"[""unspecified""]","[""P5"",""P7""]",1.0,
Non-Compete,NC-2,Commercial Risk,,,customer_buyer,Is there a meaningful exception or carve-out for ordinary business?,No,[],"[""Relevant contract text supporting the finding""]",clause,[],"[""unspecified""]","[""P5""]",1.0,
No-Solicit Of Customers,NS-1,Commercial Risk,,,customer_buyer,Is non-solicit so broad it functions as a non-compete?,Yes,[],"[""Relevant contract text supporting the finding""]",clause,[],"[""unspecified""]","[""P5""]",1.0,
No-Solicit Of Customers,NS-2,Commercial Risk,,,customer_buyer,Are duration and covered persons reasonable?,No,[],"[""Relevant contract text supporting the finding""]",clause,[],"[""unspecified""]","[""P5"",""P7""]",1.0,
No-Solicit Of Employees,NS-1,Commercial Risk,,,customer_buyer,Is non-solicit so broad it functions as a non-compete?,Yes,[],"[""Relevant contract text supporting the finding""]",clause,[],"[""unspecified""]","[""P5""]",1.0,
No-Solicit Of Employees,NS-2,Commercial Risk,,,customer_buyer,Are duration and covered persons reasonable?,No,[],"[""Relevant contract text supporting the finding""]",clause,[],"[""unspecified""]","[""P5"",""P7""]",1.0,
Notice Period To Terminate Renewal,NOT-1,Termination Risk,,,customer_buyer,Is a notice period to prevent renewal stated?,No,[],"[""Relevant contract text supporting the finding""]",clause,[],"[""unspecified""]","[""P5"",""P6""]",1.0,
Notice Period To Terminate Renewal,NOT-2,Termination Risk,,,customer_buyer,Can the deadline be calculated clearly from the renewal or term dates?,No,[],"[""Relevant contract text supporting the finding""]",clause,[],"[""unspecified""]","[""P5"",""P6""]",1.0,
Notice Period To Terminate Renewal,NOT-3,Termination Risk,,,customer_buyer,Does the notice window fall inside the current term in a workable way?,No,[],"[""Relevant contract text supporting the finding""]",clause,[],"[""unspecified""]","[""P5"",""P6""]",1.0,
Post-Termination Services,PTS-1,Operational Risk,,,customer_buyer,Is transition or post-termination assistance required where continuity matters?,No,[],"[""Relevant contract text supporting the finding""]",clause,[],"[""unspecified""]","[""P5"",""P6""]",1.0,
Post-Termination Services,PTS-2,Operational Risk,,,customer_buyer,"Are duration, fees, and data-return terms for post-termination services clear?",No,[],"[""Relevant contract text supporting the finding""]",clause,[],"[""unspecified""]","[""P5""]",1.0,
Price Restrictions,PR-1,Commercial Risk,,,customer_buyer,Can the counterparty raise prices without clear limits or notice?,Yes,[],"[""Relevant contract text supporting the finding""]",clause,[],"[""unspecified""]","[""P1"",""P5""]",1.0,
Price Restrictions,PR-2,Commercial Risk,,,customer_buyer,Are price-adjustment formulas and triggers stated clearly?,No,[],"[""Relevant contract text supporting the finding""]",clause,[],"[""unspecified""]","[""P4"",""P5""]",1.0,
Renewal Term,REN-1,Termination Risk,,,customer_buyer,Is renewal automatic or evergreen?,Yes — then require workable non-renewal notice,[],"[""Relevant contract text supporting the finding""]",clause,[],"[""unspecified""]","[""P5"",""P6""]",1.0,
Renewal Term,REN-2,Termination Risk,,,customer_buyer,Is the non-renewal notice period stated and calculable from the renewal date?,No,[],"[""Relevant contract text supporting the finding""]",clause,[],"[""unspecified""]","[""P5"",""P6""]",1.0,
Renewal Term,REN-3,Termination Risk,,,customer_buyer,Is the notice window so early that non-renewal is impractical?,Yes,[],"[""Relevant contract text supporting the finding""]",clause,[],"[""unspecified""]","[""P5"",""P6""]",1.0,
Source Code Escrow,ESC-1,Operational Risk,,,customer_buyer,Is the licensed software business-critical with no escrow or equivalent continuity path?,Yes,[],"[""Relevant contract text supporting the finding""]",clause,[],"[""unspecified""]","[""P5"",""P6""]",1.0,
Source Code Escrow,ESC-2,Operational Risk,,,customer_buyer,"Are release conditions clear (for example bankruptcy, material breach, failure to support)?",No,[],"[""Relevant contract text supporting the finding""]",clause,[],"[""unspecified""]","[""P5"",""P6""]",1.0,
Termination For Convenience,TFC-1,Termination Risk,,,customer_buyer,Does the reviewing party have a termination-for-convenience right?,"No, while the counterparty does",[],"[""Relevant contract text supporting the finding""]",clause,[],"[""unspecified""]","[""P1"",""P5""]",1.0,
Termination For Convenience,TFC-2,Termination Risk,,,customer_buyer,Is the notice period practical (for example 30 to 60 days)?,"Very long, unclear, or missing",[],"[""Relevant contract text supporting the finding""]",clause,[],"[""unspecified""]","[""P5"",""P6""]",1.0,
Termination For Convenience,TFC-3,Termination Risk,,,customer_buyer,Does early exit trigger a large fee or the full remaining commitment?,Yes,[],"[""Relevant contract text supporting the finding""]",clause,[],"[""unspecified""]","[""P1"",""P5""]",1.0,
Uncapped Liability,UNC-1,Liability Risk,,,customer_buyer,Is any liability described as unlimited or uncapped?,Yes (then classify scope in UNC-2 and UNC-3),[],"[""Relevant contract text supporting the finding""]",clause,[],"[""unspecified""]","[""P2"",""P3""]",1.0,
Uncapped Liability,UNC-2,Liability Risk,,,customer_buyer,Does uncapped liability apply to ordinary breach?,Yes,[],"[""Relevant contract text supporting the finding""]",clause,[],"[""unspecified""]","[""P2"",""P3""]",1.0,
Uncapped Liability,UNC-3,Liability Risk,,,customer_buyer,"Is uncapped liability limited to high-risk heads (IP, confidentiality, willful misconduct, fraud, indemnity)?",No — extends beyond those heads,[],"[""Relevant contract text supporting the finding""]",clause,[],"[""unspecified""]","[""P2"",""P3""]",1.0,
Uncapped Liability,UNC-4,Liability Risk,,,customer_buyer,Is the reviewing party's liability uncapped while the counterparty's liability is capped?,Yes,[],"[""Relevant contract text supporting the finding""]",clause,[],"[""unspecified""]","[""P2"",""P3""]",1.0,
Warranty Duration,WAR-1,Liability Risk,,,customer_buyer,Are material warranties disclaimed (for example 'as is') without meaningful remedies?,Yes,[],"[""Relevant contract text supporting the finding""]",clause,[],"[""unspecified""]","[""P2"",""P5""]",1.0,
Warranty Duration,WAR-2,Liability Risk,,,customer_buyer,Is warranty duration stated and practical?,Missing or unreasonably short,[],"[""Relevant contract text supporting the finding""]",clause,[],"[""unspecified""]","[""P5""]",1.0,
Affiliate License-Licensee,AFFLS-1,Intellectual Property Risk,IP / Licensing / Scope,STRUCTURAL_SCREEN,customer_buyer,Are the affiliates permitted to use the licensed rights clearly identified or objectively determinable?,No / unclear,[],"[""Exact clause text supporting the finding""]",clause,[],"[""unspecified""]",[],1.0,Added to close a CUAD category coverage gap; requires human adjudication before evaluation claims.
Affiliate License-Licensee,AFFLS-2,Intellectual Property Risk,IP / Licensing / Scope,STRUCTURAL_SCREEN,customer_buyer,"Are affiliate use rights bounded by the same field, territory, purpose, duration, and security obligations as the main license?",No / unclear,[],"[""Exact clause text supporting the finding""]",clause,[],"[""unspecified""]",[],1.0,Added to close a CUAD category coverage gap; requires human adjudication before evaluation claims.
Affiliate License-Licensee,AFFLS-3,Intellectual Property Risk,IP / Licensing / Scope,STRUCTURAL_SCREEN,customer_buyer,Could affiliate use materially expand the commercial scope or exposure without corresponding controls?,Yes,[],"[""Exact clause text supporting the finding""]",clause,[],"[""unspecified""]",[],1.0,Added to close a CUAD category coverage gap; requires human adjudication before evaluation claims.
Affiliate License-Licensor,AFFLR-1,Intellectual Property Risk,IP / Chain of Title,STRUCTURAL_SCREEN,customer_buyer,Is the affiliate that owns or controls the licensed IP clearly identified or its authority established?,No / unclear,[],"[""Exact clause text supporting the finding""]",clause,[],"[""unspecified""]",[],1.0,Added to close a CUAD category coverage gap; requires human adjudication before evaluation claims.
Affiliate License-Licensor,AFFLR-2,Intellectual Property Risk,IP / Chain of Title,STRUCTURAL_SCREEN,customer_buyer,Does the agreement clearly connect the affiliate-owned IP to the granted license and applicable obligations?,No / unclear,[],"[""Exact clause text supporting the finding""]",clause,[],"[""unspecified""]",[],1.0,Added to close a CUAD category coverage gap; requires human adjudication before evaluation claims.
Affiliate License-Licensor,AFFLR-3,Intellectual Property Risk,IP / Chain of Title,STRUCTURAL_SCREEN,customer_buyer,Is there a material continuity or enforcement gap if the affiliate is not a party to the main agreement?,Yes / possible,[],"[""Exact clause text supporting the finding""]",clause,[],"[""unspecified""]",[],1.0,Added to close a CUAD category coverage gap; requires human adjudication before evaluation claims.
Competitive Restriction Exception,CRE-1,Commercial Risk,Competitive Restrictions,STRUCTURAL_SCREEN,customer_buyer,"Are exceptions to exclusivity, non-compete, or similar restrictions clearly defined?",No / unclear,[],"[""Exact clause text supporting the finding""]",clause,[],"[""unspecified""]",[],1.0,Added to close a CUAD category coverage gap; requires human adjudication before evaluation claims.
Competitive Restriction Exception,CRE-2,Commercial Risk,Competitive Restrictions,STRUCTURAL_SCREEN,customer_buyer,Do the exceptions materially weaken the protection expected by the reviewing party?,Yes,[],"[""Exact clause text supporting the finding""]",clause,[],"[""unspecified""]",[],1.0,Added to close a CUAD category coverage gap; requires human adjudication before evaluation claims.
Competitive Restriction Exception,CRE-3,Commercial Risk,Competitive Restrictions,STRUCTURAL_SCREEN,customer_buyer,Are the exception triggers consistent with the surrounding restriction clauses?,No / unclear,[],"[""Exact clause text supporting the finding""]",clause,[],"[""unspecified""]",[],1.0,Added to close a CUAD category coverage gap; requires human adjudication before evaluation claims.
Covenant Not To Sue,CNTS-1,Dispute Resolution Risk,Claims / Enforcement,STRUCTURAL_SCREEN,customer_buyer,Does the covenant restrict claims or enforcement rights more broadly than the commercial arrangement requires?,Yes,[],"[""Exact clause text supporting the finding""]",clause,[],"[""unspecified""]",[],1.0,Added to close a CUAD category coverage gap; requires human adjudication before evaluation claims.
Covenant Not To Sue,CNTS-2,Dispute Resolution Risk,Claims / Enforcement,STRUCTURAL_SCREEN,customer_buyer,"Are the covered claims, parties, duration, and exceptions clearly bounded?",No / unclear,[],"[""Exact clause text supporting the finding""]",clause,[],"[""unspecified""]",[],1.0,Added to close a CUAD category coverage gap; requires human adjudication before evaluation claims.
Covenant Not To Sue,CNTS-3,Dispute Resolution Risk,Claims / Enforcement,STRUCTURAL_SCREEN,customer_buyer,Is the covenant materially one-sided or broader than any reciprocal protection?,Yes,[],"[""Exact clause text supporting the finding""]",clause,[],"[""unspecified""]",[],1.0,Added to close a CUAD category coverage gap; requires human adjudication before evaluation claims.
Joint Ip Ownership,JIPO-1,Intellectual Property Risk,IP Ownership / Governance,STRUCTURAL_SCREEN,customer_buyer,Are ownership shares or ownership rights for jointly created IP clearly defined?,No / unclear,[],"[""Exact clause text supporting the finding""]",clause,[],"[""unspecified""]",[],1.0,Added to close a CUAD category coverage gap; requires human adjudication before evaluation claims.
Joint Ip Ownership,JIPO-2,Intellectual Property Risk,IP Ownership / Governance,STRUCTURAL_SCREEN,customer_buyer,"Are licensing, exploitation, enforcement, registration, and cost responsibilities for joint IP addressed?",No / unclear,[],"[""Exact clause text supporting the finding""]",clause,[],"[""unspecified""]",[],1.0,Added to close a CUAD category coverage gap; requires human adjudication before evaluation claims.
Joint Ip Ownership,JIPO-3,Intellectual Property Risk,IP Ownership / Governance,STRUCTURAL_SCREEN,customer_buyer,"Are exit, termination, or dispute consequences for jointly owned IP unclear?",Yes / unclear,[],"[""Exact clause text supporting the finding""]",clause,[],"[""unspecified""]",[],1.0,Added to close a CUAD category coverage gap; requires human adjudication before evaluation claims.
Non-Disparagement,NDS-1,Commercial Risk,Conduct / Communications,STRUCTURAL_SCREEN,customer_buyer,Is the non-disparagement restriction materially broader than needed for the transaction?,Yes,[],"[""Exact clause text supporting the finding""]",clause,[],"[""unspecified""]",[],1.0,Added to close a CUAD category coverage gap; requires human adjudication before evaluation claims.
Non-Disparagement,NDS-2,Commercial Risk,Conduct / Communications,STRUCTURAL_SCREEN,customer_buyer,"Is the restriction mutual and subject to appropriate legal, regulatory, or truthful-reporting exceptions?",No / unclear,[],"[""Exact clause text supporting the finding""]",clause,[],"[""unspecified""]",[],1.0,Added to close a CUAD category coverage gap; requires human adjudication before evaluation claims.
Non-Disparagement,NDS-3,Commercial Risk,Conduct / Communications,STRUCTURAL_SCREEN,customer_buyer,Is the duration or covered audience unclear or unusually extensive?,Yes / unclear,[],"[""Exact clause text supporting the finding""]",clause,[],"[""unspecified""]",[],1.0,Added to close a CUAD category coverage gap; requires human adjudication before evaluation claims.
Non-Transferable License,NTL-1,Intellectual Property Risk,Licensing / Transfer,STRUCTURAL_SCREEN,customer_buyer,"Does the license prohibit transfer, assignment, or sublicense in a way that could block the intended operational use?",Yes,[],"[""Exact clause text supporting the finding""]",clause,[],"[""unspecified""]",[],1.0,Added to close a CUAD category coverage gap; requires human adjudication before evaluation claims.
Non-Transferable License,NTL-2,Intellectual Property Risk,Licensing / Transfer,STRUCTURAL_SCREEN,customer_buyer,"Are affiliate, merger, acquisition, financing, or other necessary transfer exceptions absent?",Yes,[],"[""Exact clause text supporting the finding""]",clause,[],"[""unspecified""]",[],1.0,Added to close a CUAD category coverage gap; requires human adjudication before evaluation claims.
Non-Transferable License,NTL-3,Intellectual Property Risk,Licensing / Transfer,STRUCTURAL_SCREEN,customer_buyer,Do transfer restrictions conflict with the anti-assignment or change-of-control provisions?,Yes / inconsistent,[],"[""Exact clause text supporting the finding""]",clause,[],"[""unspecified""]",[],1.0,Added to close a CUAD category coverage gap; requires human adjudication before evaluation claims.
Revenue/Profit Sharing,RPS-1,Financial Risk,Commercial Economics,STRUCTURAL_SCREEN,customer_buyer,"Are the revenue, profit, net sales, or other sharing bases defined sufficiently to calculate the amount owed?",No / unclear,[],"[""Exact clause text supporting the finding""]",clause,[],"[""unspecified""]",[],1.0,Added to close a CUAD category coverage gap; requires human adjudication before evaluation claims.
Revenue/Profit Sharing,RPS-2,Financial Risk,Commercial Economics,STRUCTURAL_SCREEN,customer_buyer,"Are deductions, credits, refunds, taxes, timing, and payment mechanics clearly specified?",No / unclear,[],"[""Exact clause text supporting the finding""]",clause,[],"[""unspecified""]",[],1.0,Added to close a CUAD category coverage gap; requires human adjudication before evaluation claims.
Revenue/Profit Sharing,RPS-3,Financial Risk,Commercial Economics,STRUCTURAL_SCREEN,customer_buyer,"Are reporting, audit, record-retention, and dispute mechanisms for the shared amounts addressed?",No / unclear,[],"[""Exact clause text supporting the finding""]",clause,[],"[""unspecified""]",[],1.0,Added to close a CUAD category coverage gap; requires human adjudication before evaluation claims.
Rofr/Rofo/Rofn,ROFR-1,Commercial Risk,Commercial Rights / Process,STRUCTURAL_SCREEN,customer_buyer,"Is the trigger for the right of first refusal, offer, or negotiation clearly defined?",No / unclear,[],"[""Exact clause text supporting the finding""]",clause,[],"[""unspecified""]",[],1.0,Added to close a CUAD category coverage gap; requires human adjudication before evaluation claims.
Rofr/Rofo/Rofn,ROFR-2,Commercial Risk,Commercial Rights / Process,STRUCTURAL_SCREEN,customer_buyer,"Are notice, response, matching, negotiation, and expiry periods objectively calculable?",No / unclear,[],"[""Exact clause text supporting the finding""]",clause,[],"[""unspecified""]",[],1.0,Added to close a CUAD category coverage gap; requires human adjudication before evaluation claims.
Rofr/Rofo/Rofn,ROFR-3,Commercial Risk,Commercial Rights / Process,STRUCTURAL_SCREEN,customer_buyer,"Can the right materially constrain a transaction, sale, or third-party deal without a clear process?",Yes / unclear,[],"[""Exact clause text supporting the finding""]",clause,[],"[""unspecified""]",[],1.0,Added to close a CUAD category coverage gap; requires human adjudication before evaluation claims.
Third Party Beneficiary,TPB-1,Dispute Resolution Risk,Contract Scope / Enforcement,STRUCTURAL_SCREEN,customer_buyer,Are third-party beneficiary rights expressly identified or effectively created by the contract?,Yes / unclear,[],"[""Exact clause text supporting the finding""]",clause,[],"[""unspecified""]",[],1.0,Added to close a CUAD category coverage gap; requires human adjudication before evaluation claims.
Third Party Beneficiary,TPB-2,Dispute Resolution Risk,Contract Scope / Enforcement,STRUCTURAL_SCREEN,customer_buyer,"Are the beneficiary identities, rights, and scope clearly bounded?",No / unclear,[],"[""Exact clause text supporting the finding""]",clause,[],"[""unspecified""]",[],1.0,Added to close a CUAD category coverage gap; requires human adjudication before evaluation claims.
Third Party Beneficiary,TPB-3,Dispute Resolution Risk,Contract Scope / Enforcement,STRUCTURAL_SCREEN,customer_buyer,Could an unintended third party obtain material enforcement rights?,Yes / unclear,[],"[""Exact clause text supporting the finding""]",clause,[],"[""unspecified""]",[],1.0,Added to close a CUAD category coverage gap; requires human adjudication before evaluation claims.
Unlimited/All-You-Can-Eat-License,UAEL-1,Commercial Risk,Licensing / Capacity / Commercial Scope,STRUCTURAL_SCREEN,customer_buyer,"Does the license provide effectively unlimited use without clear scope, capacity, or fair-use boundaries?",Yes,[],"[""Exact clause text supporting the finding""]",clause,[],"[""unspecified""]",[],1.0,Added to close a CUAD category coverage gap; requires human adjudication before evaluation claims.
Unlimited/All-You-Can-Eat-License,UAEL-2,Commercial Risk,Licensing / Capacity / Commercial Scope,STRUCTURAL_SCREEN,customer_buyer,Is the commercial price or service model clearly aligned with the unlimited scope?,No / unclear,[],"[""Exact clause text supporting the finding""]",clause,[],"[""unspecified""]",[],1.0,Added to close a CUAD category coverage gap; requires human adjudication before evaluation claims.
Unlimited/All-You-Can-Eat-License,UAEL-3,Commercial Risk,Licensing / Capacity / Commercial Scope,STRUCTURAL_SCREEN,customer_buyer,"Are abuse, extraordinary-volume, security, or termination controls absent?",Yes / unclear,[],"[""Exact clause text supporting the finding""]",clause,[],"[""unspecified""]",[],1.0,Added to close a CUAD category coverage gap; requires human adjudication before evaluation claims.
Volume Restriction,VOL-1,Commercial Risk,Commercial Capacity / Service Levels,STRUCTURAL_SCREEN,customer_buyer,"Are minimums, maximums, or volume ceilings clearly stated and objectively measurable?",No / unclear,[],"[""Exact clause text supporting the finding""]",clause,[],"[""unspecified""]",[],1.0,Added to close a CUAD category coverage gap; requires human adjudication before evaluation claims.
Volume Restriction,VOL-2,Commercial Risk,Commercial Capacity / Service Levels,STRUCTURAL_SCREEN,customer_buyer,Could a volume restriction prevent expected business use or create material supply/service interruption risk?,Yes,[],"[""Exact clause text supporting the finding""]",clause,[],"[""unspecified""]",[],1.0,Added to close a CUAD category coverage gap; requires human adjudication before evaluation claims.
Volume Restriction,VOL-3,Commercial Risk,Commercial Capacity / Service Levels,STRUCTURAL_SCREEN,customer_buyer,"Are forecasting, overflow, repricing, relief, or adjustment mechanisms defined?",No / unclear,[],"[""Exact clause text supporting the finding""]",clause,[],"[""unspecified""]",[],1.0,Added to close a CUAD category coverage gap; requires human adjudication before evaluation claims.
Indemnification,IND-1,Liability Risk,,,customer_buyer,Is the indemnity obligation one-sided against the reviewing party?,Yes,[],"[""Relevant contract text supporting the finding""]",clause,[],"[""unspecified""]","[""P1"",""P2"",""P5""]",1.0,
Indemnification,IND-2,Liability Risk,,,customer_buyer,Does indemnity cover the other party's own negligence or use over-broad 'any and all claims' language?,Yes,[],"[""Relevant contract text supporting the finding""]",clause,[],"[""unspecified""]","[""P2"",""P5""]",1.0,
Indemnification,IND-3,Liability Risk,,,customer_buyer,Is IP infringement indemnity from a technology or content vendor missing where the deal involves IP risk?,Yes,[],"[""Relevant contract text supporting the finding""]",clause,[],"[""unspecified""]","[""P1"",""P2"",""P3""]",1.0,
Indemnification,IND-4,Liability Risk,,,customer_buyer,"Is indemnity outside the liability cap without notice, defense control, or process safeguards?",Yes,[],"[""Relevant contract text supporting the finding""]",clause,[],"[""unspecified""]","[""P2"",""P3""]",1.0,
