benchmark_row_id,selection_rank,document_id,clause_type,ground_truth_rank,ground_truth_in_top5,qdrant_top1_label,qdrant_top1_score,ollama_prediction,prediction_equals_ground_truth,ollama_selected_top1,ollama_selected_another_topk_category,ollama_selected_label_absent_from_top5,error_category,classifier_error
fixed-10-01,1,LiquidmetalTechnologiesInc_20200205_8-K_EX-10.1_11968198_EX-10.1_Development Agreement.pdf,Warranty Duration,1,True,Warranty Duration,0.5308362171548238,Warranty Duration,True,True,False,False,CORRECT,False
fixed-10-02,2,ENTERPRISEPRODUCTSPARTNERSLP_07_08_1998-EX-10.3-TRANSPORTATION CONTRACT.PDF,Price Restrictions,,False,Revenue/Profit Sharing,0.46957713159429293,Volume Restriction,False,False,True,False,RETRIEVAL_MISS,False
fixed-10-03,3,HYPERIONSOFTWARECORP_09_28_1994-EX-10.47-EXCLUSIVE DISTRIBUTOR AGREEMENT.PDF,Non-Compete,1,True,Non-Compete,0.633409935031183,Non-Compete,True,True,False,False,CORRECT,False
fixed-10-04,4,ANIXABIOSCIENCESINC_06_09_2020-EX-10.1-COLLABORATION AGREEMENT.PDF,Rofr/Rofo/Rofn,,False,Non-Transferable License,0.5051844134138099,Non-Transferable License,False,True,False,False,RETRIEVAL_MISS,False
fixed-10-05,5,RandWorldwideInc_20010402_8-KA_EX-10.2_2102464_EX-10.2_Co-Branding Agreement.pdf,Competitive Restriction Exception,,False,Ip Ownership Assignment,0.5115715945822772,License Grant,False,False,True,False,RETRIEVAL_MISS,False
fixed-10-06,6,LiquidmetalTechnologiesInc_20200205_8-K_EX-10.1_11968198_EX-10.1_Development Agreement.pdf,Joint Ip Ownership,2,True,Ip Ownership Assignment,0.5879264592318811,Ip Ownership Assignment,False,True,False,False,CLASSIFICATION_ERROR,False
fixed-10-07,7,CYBERIANOUTPOSTINC_07_09_1998-EX-10.13-PROMOTION AGREEMENT.PDF,Revenue/Profit Sharing,1,True,Revenue/Profit Sharing,0.5094500136175841,License Grant,False,False,False,True,CLASSIFICATION_ERROR,False
fixed-10-08,8,"THERAVANCEBIOPHARMA,INC_05_08_2020-EX-10.2-SERVICE AGREEMENT.PDF",Termination For Convenience,1,True,Termination For Convenience,0.6531603173611444,Termination For Convenience,True,True,False,False,CORRECT,False
fixed-10-09,9,"PHREESIA,INC_05_28_2019-EX-10.18-STRATEGIC ALLIANCE AGREEMENT.PDF",Audit Rights,1,True,Audit Rights,0.6683676755096908,Audit Rights,True,True,False,False,CORRECT,False
fixed-10-10,10,ArmstrongFlooringInc_20190107_8-K_EX-10.2_11471795_EX-10.2_Intellectual Property Agreement.pdf,Affiliate License-Licensor,,False,Irrevocable Or Perpetual License,0.7531917245393152,License Grant,False,False,True,False,RETRIEVAL_MISS,False
